clwvi(1),zg0(1),hur6(1),vas(2),uas(2),hus0(3)
0.052149221,186.5157776,47.65170288,1.553442001,2.163958073,0.00204914
0.048810836,225.3151093,46.05523682,0.488096476,-0.253566444,0.001495853
0.054683067,140.8279419,44.129776,0.352569193,-0.966047764,0.002362451
0.046017818,127.9608307,45.66135788,1.106363773,2.11614871,0.004157788
0.038036797,88.79621887,42.97576904,0.376861662,-0.319112808,0.005871431
0.018435001,56.05195618,24.23513031,-0.604942083,-2.55463028,0.007847504
0.006058771,40.96673203,11.0057497,-1.409030676,-5.380445957,0.008958979
0.015786408,68.44790649,12.72632122,-1.440506935,-3.609793663,0.009615195
0.014068923,115.4285507,27.48724365,-0.354035527,-2.914501667,0.008110945
0.009322988,123.4445801,33.43099976,0.546205044,-1.238813996,0.006892142
0.036218073,181.0201569,36.40937424,1.048390746,1.113183141,0.003757354
0.059820995,197.9206543,40.11937332,1.41393435,2.623761177,0.002765619
0.032771278,215.5101929,35.74530411,1.095289946,2.186963797,0.002411532
0.045880429,214.8741913,39.58922958,0.104644977,-0.041356962,0.00294552
0.050341167,147.0101471,38.4884491,-0.136633724,-0.177076787,0.002845519
0.042366352,116.7267609,46.45392227,0.427636623,-0.473674119,0.004575505
0.04463125,85.34912109,49.90958786,0.608256102,-0.536604047,0.006170394
0.021633636,81.4234314,24.39410019,-0.758097291,-1.946664453,0.007926201
0.033858992,60.68170547,29.23762321,-2.080744028,-4.566326618,0.008762376
0.015817882,62.85188293,17.89029121,-1.599692702,-4.323925972,0.00900675
0.004327974,97.51918793,13.67089081,-0.394152552,-2.472365856,0.007879464
0.015337361,143.0243683,37.59676743,-0.156312838,-1.155069113,0.006112405
0.049154516,175.1354065,28.92313004,0.840771973,1.024593472,0.003709527
0.045733821,187.1039276,48.06029129,1.731225729,1.88548243,0.002532804
0.078145541,198.2819061,40.50419235,1.308342338,3.166128874,0.001843515
0.036235027,176.1027222,44.92641449,2.077185154,1.166217923,0.002304371
0.035798613,158.6936798,38.40057373,1.233461738,1.167457461,0.002570512
0.049868993,104.7830276,55.3943367,0.724431336,0.32218942,0.004205273
0.0189921,90.46701813,32.81188202,0.61046958,0.03003126,0.005946728
0.011872411,57.18622208,32.03276062,-0.325668186,-2.42993331,0.00788851
0.002070476,29.53079796,6.626610279,-0.443176746,-4.270041943,0.008866969
0.014901448,46.1965065,24.27712059,-0.758824944,-4.413513184,0.008683817
0.024504028,100.4271469,23.46501541,-0.701599717,-2.104040146,0.006897117
0.012207369,150.5654907,23.89099884,0.159637362,-1.320288658,0.005481609
0.035922639,192.6333466,41.20346451,0.5599159,0.791065335,0.004044432
0.015992396,236.2896576,40.22866821,0.02706326,0.501984656,0.002704968
0.04444604,218.9602814,43.64596939,0.568091452,1.227536678,0.002029405
0.042037178,211.3604584,40.50909424,-0.009349709,-0.519150436,0.00186462
0.039319005,174.854248,34.47626114,-0.034161747,-0.77525413,0.002554269
0.069164261,113.1430664,49.95134354,0.646981835,-0.977554142,0.004460259
0.034401488,63.65093231,44.69745255,1.151376367,2.310574532,0.006425431
0.001841209,60.66385651,27.88529205,-0.122891888,-2.053383589,0.00899836
0.014657388,32.44297028,13.3428669,-0.600036383,-3.624414444,0.009047098
0.033256933,63.41310501,11.03247833,-0.805211663,-4.209009647,0.008286459
0.002058667,101.4372406,14.73824692,-0.753307223,-2.831216812,0.007816581
0.013904807,146.9063873,34.00341034,1.191365719,0.395433396,0.004875444
0.052133635,171.3746185,29.44900703,1.544742823,1.940474987,0.004517994
0.0787654,199.1833191,45.95537949,1.349580169,2.815173864,0.003050601
0.076874651,201.9434357,39.06927872,2.158017397,3.377233744,0.002298208
0.054460421,159.9013977,49.40550613,2.477148294,4.259514332,0.002590826
0.033135168,165.6538086,50.58285904,1.104894042,0.793239653,0.003670016
0.041440178,108.904335,54.5622673,1.257188916,1.894703865,0.004354458
0.018183833,76.48337555,40.88698578,0.624570072,-0.198604435,0.005894294
0.007295117,69.3026886,13.78942013,-0.316045582,-3.069510698,0.007120223
0.01257974,26.375597,12.74425602,-0.847866058,-4.120463848,0.009335892
0.001665068,56.06585312,5.865329266,-1.305022955,-5.105412006,0.008254659
0.019629467,108.4303284,19.7594223,-0.124912679,-2.656400681,0.007307069
0.045687679,154.0395813,40.18139648,1.124685645,0.593270004,0.00463629
0.070298299,182.2659302,34.82812881,1.891292214,2.225544691,0.003744789
0.063565977,208.1645355,41.71165085,1.963562965,2.573519468,0.002181046
0.038500316,202.5459442,47.06710434,1.256640315,3.448394299,0.002245952
0.041619897,191.8814545,48.37638855,1.391257763,1.283164859,0.002689123
0.076545246,137.0536499,50.62533951,0.787882745,0.227492511,0.003407979
0.047582079,114.5827713,42.22811508,1.804936171,3.373654842,0.003838997
0.043476816,76.21150208,58.64061737,1.00263238,1.164069891,0.005960444
0.00924841,75.26034546,19.01134109,0.250733703,-1.882678986,0.006989485
0.003768421,51.27470779,6.87752533,-1.162458897,-4.809818268,0.008579512
0.028088249,59.08026123,11.7852993,-0.859849215,-4.352481365,0.008961827
0.002416532,107.8819504,18.29029846,-0.578014791,-2.85051465,0.008053157
0.039548635,139.0693512,45.06183243,1.530128598,0.861624718,0.006051707
0.050922308,186.0605469,42.44506073,1.422027826,2.534812689,0.003464786
0.07009922,191.0558014,45.75397491,2.55713892,3.200880527,0.002869201
0.113813497,176.5050201,59.37728119,3.60579443,4.403285503,0.002565177
0.038533308,178.1251068,49.84130478,1.778359652,1.860251069,0.002466561
0.065249227,171.8474121,39.27284622,1.324653149,1.631736517,0.002736068
0.077395089,89.04524994,50.86261368,2.597782373,4.102831841,0.003792709
0.029260566,103.325325,48.27304459,0.538585484,-2.157888889,0.005468348
0.014198351,53.55521011,23.26021004,-0.674677849,-1.933273554,0.007016714
0.005938589,30.46997833,10.72271919,-1.42394197,-4.36083889,0.008661317
0.016636679,59.13125992,17.37513924,-0.494323701,-4.50287056,0.007960845
0.010039032,110.9187546,14.34678745,-0.878705263,-2.412749529,0.007992727
0.041884996,137.5730133,44.6535759,0.083624899,-1.669971824,0.005836606
0.036370426,192.7298584,29.18723488,1.182662964,2.393387318,0.003314356
0.034427885,210.7037811,40.28881073,0.430162817,0.596063852,0.002133088
0.051227257,203.358078,47.84523392,0.973718822,2.695677757,0.002212959
0.033356395,184.8411407,35.121315,0.582992971,1.51084888,0.002276902
0.045867108,190.8209534,30.45900154,0.860113204,1.544332504,0.00240154
0.050798368,114.0513153,41.53933716,0.65709126,-0.344328344,0.004519031
0.033633161,86.68995667,43.05569077,1.121943235,-1.02443409,0.006211337
0.009086343,73.93474579,28.24505806,-0.055281501,-1.655382276,0.007771814
0.033088136,19.60880852,22.92743683,-0.644728839,-3.712934494,0.008618708
0.003711944,49.15378571,13.51552105,-1.1672014,-3.841418982,0.009658607
0.011368631,105.4042587,26.34825325,-0.074083902,-2.803466558,0.008553299
0.041158147,159.5486755,39.72471619,-0.134220272,-2.04198432,0.005947059
0.074924909,180.1954498,47.02648163,0.462307274,-0.589143157,0.003559363
0.066352367,204.1544037,45.80037308,-0.007929013,-0.965979099,0.00252484
0.054809924,224.6098633,46.49152374,1.206701279,1.835975051,0.001780621
0.024612999,205.4141846,37.92119217,0.175109327,-0.288217694,0.001972618
0.049368523,150.4810638,48.88632202,2.375426531,2.610286951,0.003174133
0.022201223,117.3832169,48.99623489,0.872313619,0.240277573,0.004708896
0.03865644,98.798172,42.05948639,1.283456802,0.60791111,0.005347217
0.009061585,53.83171844,25.240942,0.663507819,-0.175143942,0.008539192
0.00852354,58.46133423,7.583738804,-1.060893178,-4.792144775,0.008098778
0.010511326,43.2752037,6.826726913,-0.460170805,-4.204882145,0.007655977
0.008232432,97.23178101,8.807991028,-0.555160701,-2.312026262,0.007181343
0.005000199,167.7988434,26.99619293,0.216486305,-0.410125285,0.004393506
0.039503586,185.0783081,39.62083054,0.47167477,-0.777286053,0.003690158
0.072013259,192.3513031,45.51014709,1.716365218,2.135827303,0.00266316
0.082853302,196.0396729,51.77136612,2.280504465,3.322820902,0.002549114
0.076348647,180.222168,46.03305435,1.763364077,2.572017193,0.002406608
0.086714081,153.6881714,49.29487228,0.933741033,0.040460132,0.002844417
0.051524732,112.3927765,54.23915482,0.822000086,0.471255451,0.003924094
0.027175605,77.96346283,46.32981491,1.378700376,0.777508974,0.006291322
0.021101002,74.71385956,32.94598389,0.421615541,0.007565475,0.008212693
0.003763622,39.64994049,9.139476776,-0.093043409,-3.095559359,0.009710953
0.008482707,54.34403992,13.34181595,-0.615580142,-4.010295868,0.009085327
0.00244253,116.7259369,20.51617622,-0.414785087,-1.86087966,0.008275747
0.007421932,149.1569061,23.88360596,0.029191246,-1.38990128,0.005658102
0.040261365,182.141861,46.41535568,1.080685616,0.946787417,0.003864856
0.078871906,201.7078094,52.80683517,1.529291391,2.03124404,0.003107163
0.041543271,230.7303619,42.58011627,1.362041116,3.1754601,0.002057195
0.021801447,183.1570282,36.77806473,0.579446733,-0.59385705,0.002037474
0.057860762,175.9758301,38.73977661,1.804504514,3.232920885,0.002249353
0.032455098,115.0822372,45.20195389,1.758057952,1.398478746,0.004204975
0.053848129,73.56980133,47.83265686,1.171592951,0.47942695,0.005833203
0.018079281,51.53808594,41.97616577,0.258242875,-2.437271833,0.007817661
0.001281886,31.83806038,5.830500126,-0.392241269,-3.479848385,0.009050137
0.002898639,59.63589859,5.586915016,-1.063257575,-4.042744637,0.008710917
0.004187608,116.033371,14.76756954,-0.625887513,-3.199787855,0.006369643
0.107995555,135.7556305,46.84786224,0.679487407,0.032566298,0.005129471
0.097891733,180.0076752,45.07064438,0.645950556,-0.899246395,0.004315058
0.073675968,212.7287292,45.858181,1.296144724,2.347845316,0.002251336
0.057379715,205.3244934,44.31938171,0.33285895,1.843708396,0.002094081
0.052597698,181.0586395,48.27082443,2.090086937,2.967267752,0.001872507
0.038823087,163.6617126,38.73713303,1.60700345,1.475768566,0.003076205
0.045891128,136.5101318,40.99312592,0.132800654,-1.5384202,0.00485066
0.053966429,98.96218872,55.70908737,1.094550252,-0.439324856,0.00625969
0.035647985,55.71843338,42.07329941,0.286845267,-1.223510265,0.008549036
0.006699086,26.32282448,10.15396404,-0.894794762,-4.094114304,0.008773473
0.001230787,57.83735275,3.468979597,-1.000578403,-3.437391758,0.007838171
0.002789976,99.7901001,13.18946743,-0.602411151,-2.704430342,0.007161632
0.028534353,157.2866211,40.86203384,0.632089078,-0.274830252,0.005323961
0.029278338,184.8263855,45.3201561,0.036525823,-0.098583542,0.002965163
0.102075681,181.9416351,49.85953522,1.67681396,3.011371613,0.002417901
0.061392028,190.7840881,53.00918579,2.554627657,3.602503061,0.001979343
0.082109444,190.8793335,45.45007706,1.844764352,3.02395463,0.001785144
0.039361816,153.2427063,28.20159531,1.721945643,1.874306202,0.002565877
0.050273579,143.2005005,43.26439285,0.643366098,-0.201493174,0.004522803
0.032758046,81.92372894,49.69006348,0.727016687,1.008119345,0.006474978
0.005485811,62.62961197,29.57023811,-0.132279396,-1.523412228,0.008700056
0.027769925,33.58542252,42.68798447,-0.573242962,-4.669683933,0.008005279
0.021469586,51.46401596,15.21468163,-0.865064859,-4.398350716,0.009175171
0.002343726,106.0347672,14.6814909,-0.263908446,-3.220803976,0.008173768
0.034627669,136.1494904,34.51438904,0.882323086,-0.499515682,0.005637983
0.08175645,181.9809723,52.49523163,0.137405783,-0.787841558,0.003940788
0.073772974,198.43396,52.13156509,1.656554937,3.303299665,0.002287935
0.087906636,205.5902252,58.12677002,1.260874033,3.591412067,0.002139283
0.055659547,193.818512,34.68334579,1.925433159,2.540061712,0.001800794
0.041223135,167.5763397,41.70121765,1.46582067,1.793786407,0.003053208
0.057259746,126.524147,52.04854202,0.460558653,-0.769703388,0.004570365
0.029206781,94.4285202,48.26322556,1.022464395,-0.031772926,0.006054234
0.015499301,70.06614685,28.21047592,0.204316944,-0.863705993,0.007416328
0.00778222,45.90455246,22.64123917,-0.636493742,-3.91158247,0.008171556
0.008307301,52.7253418,9.979323387,-1.209527493,-3.82411623,0.009050565
0.015341499,109.7636871,19.68466187,-0.513796747,-2.979390621,0.007713822
0.025649354,137.6466064,47.76068878,0.909523487,0.111828081,0.005712691
0.049182143,185.8078156,38.54377365,1.868482351,3.375818968,0.003744235
0.105117038,183.8008423,49.84443283,1.286718249,2.688123703,0.002909075
0.080949761,192.9468536,40.25909042,2.503367424,5.203678131,0.002246059
0.061456326,198.2958069,37.25344086,0.775452673,-0.353346288,0.001942886
0.05305035,154.7414856,47.73087311,1.602841735,3.308280945,0.003282198
0.027642589,118.6910324,45.55011368,0.970126212,2.18604517,0.003962518
0.020560043,88.06467438,41.24229813,0.365188688,-0.970980167,0.005587562
0.021499431,63.770401,35.79826355,0.090434268,-1.130392313,0.007898248
0.011913799,48.77936172,6.805904388,-0.859267414,-3.803503275,0.009231618
0.005368024,51.71908188,10.03279972,-1.199969292,-4.652539253,0.008696542
0.006920428,101.401825,13.44347572,0.079707876,-1.700819731,0.008275041
0.015709709,163.4432678,30.23356056,1.110330701,1.595722556,0.004878683
0.07246913,195.4523621,35.04747009,1.156623244,1.783049345,0.003803251
0.106048927,205.8173523,57.72743988,1.581893206,2.181195498,0.00265505
0.050010253,221.6668396,42.83394623,1.509770393,2.364244699,0.002185029
0.106919505,182.8926697,52.65927887,1.191821337,1.384111404,0.003074724
0.081213325,138.2855682,60.72163391,0.686040521,0.13152954,0.004110197
0.126227185,144.8224945,61.72655487,1.042148352,-1.701219201,0.004734336
0.051224068,97.27124786,42.9976387,0.739454925,1.150763154,0.00608177
0.006323348,59.56362534,27.24643326,-0.434521914,-2.18776679,0.008500618
0.010830721,50.54346466,13.50306225,-1.080616951,-4.723535538,0.010416856
0.008914304,76.19754791,25.65802956,-1.446452975,-4.666640282,0.008734141
0.001308784,129.8461151,14.16910267,-0.575310349,-3.791897297,0.007259332
0.019798351,166.0662842,32.42884445,0.037551083,-1.644235015,0.004375807
0.047579899,186.8737335,31.29723358,2.219594002,3.30994153,0.003062726
0.037528068,203.9547729,42.22176743,1.501435637,3.01587534,0.002255303
0.052346349,222.925415,43.6023674,0.855710447,1.800427675,0.001973383
0.059648637,191.6958466,37.9956665,2.178547382,2.595443487,0.002624758
0.074810825,155.070282,38.53019333,1.45570004,1.76409018,0.003017773
0.034051444,113.3128128,46.9009819,1.208524466,0.761880934,0.004159985
0.034373857,102.159935,38.51779938,0.72678858,0.270113081,0.006007527
0.001644759,65.58618164,23.43914986,-0.472834826,-2.073640347,0.007303889
0.009524943,47.25606155,10.57594776,-1.43704927,-3.52626133,0.008692827
0.014302157,63.69281006,16.17741585,-1.188590646,-4.456927776,0.009113418
0.014850099,117.6675186,22.17149544,-0.77471292,-4.519262791,0.008223513
0.060237233,154.5032501,46.07938385,-0.226731539,-2.904033899,0.006025318
0.060638186,175.6666412,53.40449905,0.859354198,-0.643426061,0.00503426
0.081540391,192.8126068,51.7673645,0.860060155,2.192185163,0.002937957
0.075911857,206.5215302,53.33039856,1.632315159,0.720911086,0.002547593
0.080321305,170.1362305,45.87268829,1.525787711,0.670990109,0.003058816
0.046280913,175.1585541,36.46014023,1.000667691,1.51512146,0.002837898
0.056138527,108.3288956,48.1454277,0.43466568,-0.690490127,0.004951389
0.069154143,67.61196899,61.06916046,0.839760721,-0.007404366,0.006406926
0.01411047,84.02973938,39.81062317,0.317027956,-1.936468482,0.008935018
0.005684142,45.5606308,21.12270355,-0.011855417,-3.241859674,0.008213742
0.015793368,41.88968658,11.00585461,-0.783018529,-4.808097839,0.009136972
0.001052201,93.50828552,12.9908638,-0.19310157,-3.151706934,0.008162494
0.018495623,141.7484131,31.27130318,1.452424288,0.451131135,0.005948175
0.092487797,164.451767,53.93303299,2.325553894,3.153331757,0.003823361
0.15127638,195.9992828,52.47408676,1.655028343,3.559915543,0.003270993
0.124226302,184.6689301,45.75563431,2.46565485,3.599829435,0.002665841
0.048397608,190.8010864,40.79079056,0.989378452,2.105178356,0.002335032
0.083161846,153.7385559,48.12275696,0.277231127,-1.175388455,0.002710482
0.080518261,101.7958374,59.28073883,1.514823437,1.428902864,0.004935721
0.041378353,92.6276474,44.13967896,0.723077774,-0.012204993,0.007478137
0.003722989,70.15890503,31.93645477,0.49178955,-1.087317228,0.00912031
0.001896717,48.97683334,11.6744709,-0.815385103,-4.039056778,0.009675663
0.012816315,43.25694275,13.55970669,-1.039721847,-4.957362175,0.010304434
0.006679529,115.5661163,22.18611145,-0.262386084,-1.971574903,0.007753313
0.035846155,145.333313,48.00370789,1.233848572,1.341308475,0.006400062
0.106936395,168.3847809,45.5174942,1.484929204,2.053548098,0.003939435
0.070137434,183.407959,41.22364044,1.323011279,2.944037676,0.002624588
0.062591314,225.8743744,38.50915146,1.312097549,2.441717386,0.001570287
0.044253618,193.0037231,41.53269577,1.078386545,1.630583286,0.001942101
0.056324542,142.556366,46.54509735,1.875038505,2.178005219,0.002927896
0.031289678,139.9339142,28.00572777,0.85512495,1.069250584,0.003686289
0.02354469,82.90270996,42.44128418,0.525164902,-0.116095729,0.006382604
0.026822072,74.21225739,26.98374939,-0.398695409,-1.519146919,0.008051819
0.010836292,42.43052292,12.25762844,-1.251681685,-4.44374752,0.008778309
0.010966913,72.67912292,17.13409615,-0.419877738,-4.055125237,0.008463222
0.007924295,102.4239349,28.75919724,-0.384976715,-3.275687933,0.007884474
0.067614354,153.560791,50.26202393,0.056982506,-3.346026421,0.00643901
0.06705261,196.7149048,47.26719284,0.608839095,-0.158556685,0.004038541
0.070975073,193.0161438,43.83547592,1.612106919,2.891166925,0.002314845
0.054614156,224.3358459,41.40890884,0.300595582,-1.855823398,0.001467293
0.03235681,192.9212036,38.62088394,1.141599536,0.380357116,0.001809452
0.048226893,179.4466248,37.90808487,0.932297766,-0.4814623,0.003231861
0.064435519,93.45790863,44.23080063,0.322567701,-0.037210122,0.003903796
0.068295427,101.463974,53.11105347,0.764970779,0.347239614,0.005851732
0.012691457,65.3916626,25.98287392,0.813208759,-0.163748652,0.007650982
0.00644887,37.64920425,16.53373528,-1.027487159,-3.969168901,0.008828045
0.018390298,33.29877472,9.131292343,-0.421864867,-3.360516787,0.009427493
0.006991444,93.36949921,17.86705017,-0.539690077,-2.518591404,0.007351953
0.0181826,153.8448334,39.74733353,-0.053347826,-0.912783802,0.004335847
0.044090886,180.5096436,33.48444366,1.661580324,1.110413432,0.003844556
0.031339161,223.5374298,46.65463257,0.865209162,1.290614605,0.002655818
0.042765465,206.3334198,41.03796387,1.482399702,3.080713511,0.002335325
0.064507335,184.0972443,31.96116447,2.015254021,1.322918177,0.002099214
0.041060086,170.0782623,22.35326385,0.67325592,1.026821971,0.002592895
0.011186735,139.3409271,49.89590454,0.501814783,0.761260152,0.003943026
0.017215911,96.48604584,37.57495117,0.435411572,0.383368582,0.005484418
0.025270393,51.60686874,35.05879974,-0.245960295,-1.822421193,0.008777807
0.018397493,48.45975494,17.68701935,-0.638428092,-5.129729271,0.007141019
0.004840696,51.72830582,3.847378016,-0.499049544,-4.338763237,0.00771875
0.001138678,106.8558884,15.76439285,-0.18804954,-3.589363337,0.008006791
0.028343285,150.8048553,54.32543182,0.741847396,-1.359609842,0.006615862
0.053280666,183.9077606,52.59075165,1.00290668,-0.377401978,0.004621027
0.074150175,216.9970093,52.71354294,0.350803345,-0.657283247,0.002600979
0.09360905,207.7064667,60.01666641,2.276525736,3.77780509,0.002955322
0.091593333,181.7937622,48.47565842,1.448542595,2.301921606,0.002388477
0.09816245,137.8474731,54.77438354,1.008053541,1.938549757,0.003591577
0.074560851,115.6856842,50.79426193,0.749972582,1.133935928,0.003951837
0.028508278,98.65427399,39.81328964,0.476138145,-0.666226804,0.006098386
0.005837427,78.96808624,33.20782852,-0.204220399,-1.727093697,0.00754306
0.012517283,41.50795746,10.7169466,-0.461854666,-3.431472063,0.009475911
0.013891976,60.31292343,17.02788162,-1.514930248,-4.090134621,0.009481437
0.026969383,103.8391953,19.86491203,0.053791236,-2.653650045,0.008013086
0.070906408,138.7142334,47.72151947,1.695523143,0.470770568,0.007136077
0.073368676,194.9038086,47.50891876,0.399781346,1.092665792,0.003902185
0.039252661,213.0270081,48.4154892,0.79279834,2.297276974,0.0026838
0.030507889,234.2712402,39.09950638,0.686685145,0.525971949,0.002126078
0.060637351,199.718338,52.51968765,1.788734913,3.374099016,0.003195989
0.045342028,126.095871,52.51032639,2.01365304,2.3928442,0.003569528
0.046745397,127.3572922,47.52829361,0.576034129,0.707777977,0.003768892
0.033946201,93.92105865,41.13965607,0.811279356,0.911714256,0.005614408
0.020875957,75.07790375,38.38744354,0.280256778,-1.79299283,0.008282956
0.004651892,53.10863876,12.76464367,-0.256455362,-4.24780798,0.007766573
0.010071126,48.68684006,9.698163033,-0.705660701,-4.437411308,0.00818526
0.017064296,130.2021332,24.86393547,0.232597619,-3.2352736,0.005298997
0.070172936,134.2195435,50.30896759,0.090628609,-0.69952029,0.006209331
0.076640792,190.3952026,39.6955986,1.476854086,1.963516951,0.004085988
0.044738572,228.0353546,37.37976074,0.563109398,1.627139211,0.002157367
0.059027772,209.868576,48.4761734,1.371114373,2.479471684,0.002034673
0.080762915,193.0000305,38.88505936,1.435569644,1.599415183,0.002411084
0.047469046,158.0424652,40.22144318,0.104295865,0.231317177,0.003355101
0.094781257,106.0341034,56.7282753,2.469784737,1.914254785,0.004190317
0.074695155,105.4800873,51.48745346,0.074792251,-0.007325056,0.006611852
0.010637097,57.73649216,29.38279152,0.204120532,-0.958561242,0.00922471
0.022505907,34.01679611,24.76026154,-1.022332311,-3.345955372,0.009026376
0.004315006,46.39458847,9.433335304,-1.083511591,-3.81649828,0.009183329
0.002232575,120.7113419,14.77576923,-0.733570695,-4.542246819,0.007313998
0.023296969,156.8661346,39.41385651,0.374174029,-1.745992422,0.006105515
0.03789027,169.2570038,35.2339859,1.49325633,1.030486584,0.004699672
0.067949466,208.0660248,46.68107224,1.639397144,2.709740877,0.00322803
0.042144228,210.0931091,40.25161743,0.339857429,1.201694131,0.002162658
0.091959357,165.8822021,39.28061676,2.373214483,2.837370157,0.002695291
0.08648254,161.5799408,41.40533447,-0.96821183,-3.341772318,0.002446586
0.067125648,141.8328857,36.20874786,0.22840628,-0.389854968,0.00387954
0.031660561,82.03320313,48.74876404,0.824048162,-0.126851037,0.006689351
0.01148202,67.07231903,30.90295792,-0.272715956,-1.76162231,0.009363487
0.005138835,33.62300873,9.858386993,-0.681624532,-2.869650841,0.009677758
0.007275874,69.96641541,14.43773746,-1.356661916,-4.608067989,0.008883029
0.066252209,118.4652405,25.803339,-0.712304533,-3.893648386,0.008117786
0.057904132,135.5253296,43.63457489,1.853322625,0.591915965,0.00657012
0.064370401,196.0573425,51.16120148,0.867793322,1.37479341,0.003352935
0.108844735,180.148941,58.93758392,2.130588293,2.662156105,0.002593615
0.055259503,194.827179,46.38398743,1.535219908,3.231114626,0.001755773
0.075289071,173.3368988,48.09759521,1.690941691,1.451572657,0.002293176
0.029696487,155.245636,45.66683197,1.380614758,1.263648033,0.002781919
0.119337142,127.6200485,62.582798,0.52405107,0.660976768,0.004732167
0.022394463,98.93907166,39.81002808,1.110048532,0.587730467,0.006205923
0.015520507,64.00460052,30.18198586,-0.129611328,-2.609676838,0.008701514
0.000789211,30.57664299,16.0441761,-0.69982338,-3.322829485,0.009507864
0.007354252,42.42983246,7.385970116,-0.610367775,-2.742294788,0.009004221
0.00956252,112.0447617,20.81584358,-0.594445407,-2.804857969,0.007092495
0.035807215,151.1660004,42.7960968,-0.115431689,-2.573124409,0.006723829
0.099650756,168.0900116,42.63088989,2.532610178,4.437121868,0.004200617
0.107920215,202.9244537,45.5307312,2.574507475,3.243645668,0.002486228
0.062395886,216.3195953,33.54880905,1.60759151,3.430051327,0.002214123
0.022997079,196.3855591,44.41359711,0.655943811,0.662488937,0.002430866
0.063848279,160.0039368,41.16142273,0.591455579,0.317346096,0.00295477
0.074290127,116.4372253,44.38682556,1.582738042,2.688822031,0.004155749
0.034443546,90.77928162,48.3839798,0.790349603,0.601776421,0.005231156
0.013675591,70.35467529,30.04813766,-0.653758824,-2.310163975,0.008449483
0.007958989,47.78569031,15.00626278,-1.273594975,-4.252284527,0.008411185
0.01147735,40.80767822,8.553854942,-1.191087842,-4.687806129,0.008890017
0.033866778,116.7612,31.8032093,-0.030297784,-4.450409889,0.007578883
0.065603599,137.9858246,55.64995193,0.701186359,0.461672723,0.0074754
0.034166481,195.1064758,40.78327942,0.608424842,-1.483935118,0.004794762
0.041747458,196.4642487,41.91195297,1.022910714,1.657950282,0.002576396
0.050164741,203.3832245,42.39436722,1.55319798,1.626462817,0.002159946
0.067733772,195.4598694,30.15853882,0.402422637,-0.753554761,0.001903851
0.045897376,136.3205414,40.17209625,1.527112007,1.4222399,0.003149776
0.031967111,102.1959686,48.50286865,-0.110302314,-0.809371889,0.004774659
0.031084182,73.00380707,42.29109955,1.533422709,1.157438755,0.005924094
0.00625726,43.16897583,14.57821941,-0.113937795,-2.081038952,0.007758578
0.002043811,31.3276329,12.3923769,-2.001749754,-3.581963062,0.008168049
0.040697053,36.20918655,30.84294891,0.177177161,-3.946440935,0.006512992
0.00384624,87.63881683,11.70159435,-0.370221198,-2.110782623,0.008053471
0.019830611,149.2961884,35.4602623,0.665935218,-0.422653854,0.005669202
0.05800616,188.4457245,54.44459152,0.860418797,-0.418283015,0.004269208
0.11427024,165.767807,56.24204254,1.474972963,2.252438307,0.002962685
0.045369573,219.8158264,38.02201462,1.429192066,2.574969292,0.001882068
0.042066332,188.813858,31.11941719,1.25093627,2.676791906,0.002002521
0.073604368,135.2126923,30.02791595,1.222995996,0.124715544,0.002338067
0.04269499,138.1312714,37.60473633,0.195795745,-0.886890709,0.003848669
0.031902,80.16757202,34.88316345,0.935186028,0.105124287,0.005517157
0.013115738,60.80825424,37.1764679,-0.071518913,-1.396293044,0.008462368
0.009674978,54.09035492,19.2770977,-0.594244599,-3.529410124,0.009454813
0.015247376,46.1178627,9.095461845,-1.10606432,-4.774231911,0.009572137
0.026110122,116.7016602,19.6327095,-0.474077493,-3.448908567,0.008012062
0.015203686,142.3721771,28.83037376,0.555602849,-0.232173488,0.005989469
0.040357009,182.9792786,38.70178223,1.520888448,2.491330862,0.003477419
0.063040726,203.3836517,43.18414688,0.693445146,0.856280804,0.002345943
0.06158331,222.6057587,39.8598938,1.293372869,1.180131674,0.001900728
0.072290197,185.1973267,53.19432449,1.747303247,1.476809025,0.002798943
0.05732793,143.6932678,35.36703873,2.2453444,2.392567396,0.002865208
0.041181929,99.67873383,44.96153641,0.509903371,-0.182681158,0.004011188
0.018709483,102.5508804,46.24637985,0.600973606,-0.483304769,0.005523181
0.015444241,70.37509918,31.45237732,-0.552925348,-2.293078423,0.008752448
0.009937666,40.98812866,11.76171303,-1.266663551,-3.546224594,0.009160608
0.005484615,58.57641602,7.074433804,-1.234031439,-4.683830738,0.008432913
0.003831297,109.4448013,27.65845299,-0.544450581,-2.844982862,0.008171715
0.061855178,133.7794342,52.53811264,1.277430534,0.330013365,0.007459343
0.09658628,165.6805267,47.58767319,1.175993919,1.926284552,0.004017666
0.116119429,188.1849213,55.90559387,1.000305891,0.680025578,0.002847615
0.070023358,212.2123108,43.35944366,1.305744886,1.770501494,0.002342325
0.054106325,180.4199066,41.47343445,1.874005318,2.18073678,0.002393378
0.053098891,155.3300323,58.02640533,0.472141832,1.002535105,0.002762918
0.05990069,114.1061783,52.16121292,1.024776101,-0.176831126,0.004204021
0.078151658,88.4504776,45.81477737,0.849011421,0.857345343,0.005661913
0.010929713,64.08926392,32.39339066,0.383635968,-0.401809841,0.00847985
0.015320033,54.24077988,13.31918335,-1.185105324,-3.992939234,0.009661395
0.01750228,40.41547012,10.43835163,-0.373246074,-4.266980171,0.009878374
0.001023403,99.78995514,15.170434,-0.214660421,-1.906905293,0.008108359
0.032648124,128.3703766,31.15506172,1.290414572,0.970863581,0.005731942
0.04116663,201.9051361,36.97306824,0.079596117,-1.28701663,0.003889528
0.124744304,186.0064087,54.30291748,2.275467396,4.675901413,0.003065303
0.063901626,216.4788361,49.34998322,0.678422749,1.006379843,0.001789602
0.078261435,189.7128601,51.71813965,2.335800886,4.196937084,0.002854489
0.042498201,162.1605225,35.30599976,1.440777659,2.07758975,0.002193921
0.05787627,119.8487854,41.20021057,1.006452799,1.19633615,0.003887187
0.017430298,114.8996506,35.20012283,0.118037432,-1.639964104,0.006086092
0.006173247,69.40396118,33.73848724,0.172172889,-2.303297281,0.008506875
0.023183236,34.38933563,18.10952187,-0.498192132,-3.208923817,0.009173495
0.018583937,58.36645126,23.37089729,-1.367370367,-4.167450428,0.00928621
0.003060949,89.66631317,8.385126114,-0.122419186,-3.046834707,0.007495498
0.02475011,138.0839539,29.43663216,0.64905256,0.300396323,0.005684935
0.057527393,176.0278931,49.91708755,0.409694016,0.577837944,0.003775629
0.056658436,192.9695129,31.12488174,2.021900892,3.007858753,0.00279339
0.071078964,194.193634,42.42481232,1.257947326,1.996068597,0.002082512
0.078346714,180.2766418,37.5379982,1.255684495,2.439664125,0.001781157
0.05557175,152.0471039,42.56077194,1.030976415,-0.024508281,0.002629506
0.08950495,102.2999268,47.65327835,0.117297836,-0.428332895,0.004561974
0.059681222,92.34441376,42.8680687,2.078205824,2.526943207,0.006471579
0.026105145,72.46214294,46.40249634,0.275554627,-2.784494638,0.008928455
0.007782199,38.83267593,10.71879673,-1.169432044,-3.975173712,0.009754709
0.023572395,28.71055412,4.698978901,-2.102521896,-4.806205273,0.010240367
0.006370152,102.7587128,10.92905426,-0.412052661,-3.629916668,0.007916919
0.021016773,152.5335236,37.60298157,0.273463219,-0.696950555,0.005355806
0.04801124,185.0442657,37.932621,0.504796803,-1.356078386,0.004058185
0.064185798,212.9016418,48.04837799,1.195172668,1.973185539,0.002863568
0.036980879,222.2375031,35.36058807,1.828586698,1.88090229,0.001692551
0.036745969,214.3912048,38.09416199,0.557791531,1.370361686,0.00211933
0.044464119,133.9200745,43.80915451,1.862173557,2.94555068,0.003665697
0.046014667,86.03437805,34.23765564,1.064967036,-0.300345987,0.004762906
0.085055731,92.76167297,46.19455719,0.854338109,0.68166256,0.005711299
0.023304749,50.76486969,25.10912704,-0.132322147,-2.816515446,0.008705608
0.006701761,42.70428467,10.16892529,-1.236935019,-3.978403568,0.008788205
0.013101563,38.42078018,6.354968548,-1.689682603,-4.242049694,0.008846591
0.018700207,95.81271362,20.86997223,-0.367674887,-3.753622055,0.007749043
0.04909521,142.6026917,42.07196808,0.468013674,-0.784973025,0.006023762
0.028760735,200.5611267,30.05233955,1.057187915,0.477956593,0.003894132
0.084521405,184.2396851,41.23560333,1.948982239,2.04857707,0.002869427
0.02230281,216.6841278,34.08230209,1.110511422,1.264137626,0.00143668
0.054720294,187.4495392,36.07718658,0.933754742,0.060463693,0.002099311
0.039797191,181.6766357,31.24861336,-0.175370067,-1.104981661,0.002267019
0.043977555,117.9351349,34.71741867,0.256298482,-0.473568171,0.00411345
0.060615811,75.39411926,50.82804871,0.656754494,0.313631922,0.007253169
0.021703443,58.69286728,22.96596909,-0.062699281,-2.667277813,0.007962608
0.004001929,13.89936543,4.01964283,-0.813184381,-3.82136035,0.008973348
0.021811372,52.54288483,7.801674843,-0.037283536,-4.444875717,0.00859709
0.006886516,104.0073624,13.36167431,-0.203672186,-4.025302887,0.006342411
0.016960291,157.2311401,36.29201889,0.314800918,-2.571946859,0.005427273
0.051345419,195.874054,45.76402664,1.370070338,1.652140021,0.003973599
0.094821937,194.0090179,47.32626724,2.15592289,3.357240438,0.002615133
0.08078061,203.5726318,53.45913315,1.668521166,2.289781809,0.002573388
0.08560437,167.4889984,46.6513443,3.649516582,4.22415781,0.002773978
0.060555629,156.0262451,44.83297348,1.821884036,4.00850153,0.002506487
0.035955794,100.9496536,48.35153961,1.735521674,2.978226185,0.004445955
0.046867479,75.44506073,46.12831116,0.702162683,0.132226437,0.006086428
0.033300932,59.51243973,31.28980446,0.468433738,-0.745272279,0.008104499
0.016359273,36.89802551,17.75546646,-0.695157111,-3.786405087,0.009862957
0.020540539,55.73146439,13.52049065,-1.838261127,-4.814198017,0.009677647
0.002427929,100.4243393,16.5917778,-0.192268267,-3.296198368,0.007626357
0.053845268,136.1602173,53.82433701,1.514352202,-0.85474205,0.007110965
0.065092705,170.3237305,46.6840744,2.125726938,1.936485171,0.004754179
0.058954764,217.415329,49.42268372,0.238221005,0.568631351,0.002773902
0.118707411,193.0540161,54.36423492,2.571963549,3.745683193,0.00273352
0.069568165,170.0144043,41.84088135,2.459568262,4.352278709,0.00270446
0.066780545,143.5349884,39.00577164,1.262484431,2.320142508,0.002675202
0.072378352,117.7744675,47.27418518,0.390140742,-0.413615376,0.003912782
0.064249121,106.0076294,45.63939667,0.526784062,-1.471004367,0.005706979
0.007306499,65.92851257,34.97599792,0.318916291,-1.139822245,0.008787634
0.002709242,25.89447212,19.24253273,-0.491637886,-2.856922865,0.010015633
0.001050428,35.38825607,4.696914673,-0.264740616,-3.577373981,0.010376592
0.008566144,105.3747559,10.94948387,-0.431159407,-3.30344224,0.008567711
0.016777212,149.9287415,24.37766457,0.996699095,1.182757974,0.004237865
0.06352862,174.8466034,43.86304092,1.074337006,0.353605896,0.004064298
0.084496781,198.9283752,43.18411636,1.967538595,2.986180067,0.002074338
0.057745788,198.9792328,45.25754166,1.211967468,2.071107626,0.001865998
0.087667383,184.2862244,34.01049805,2.492004871,3.752272606,0.001782256
0.034726057,144.824295,38.63594437,1.703749061,2.544309139,0.002923675
0.063747361,115.1387253,51.36783981,0.803651333,1.451746583,0.004397432
0.037364978,98.79579163,36.63550186,0.639585733,-0.071609899,0.005898365
0.003954032,63.16815567,19.64400864,-0.567192435,-2.524535179,0.007659476
0.023343613,19.16480064,13.49131393,-1.040637851,-3.055876255,0.009994048
0.032278236,31.33454132,3.50974822,-0.859258235,-4.255817413,0.010722645
0.004620904,97.17347717,9.414831161,-0.647338569,-3.325452328,0.008560386
0.059890587,146.9758453,41.01196289,0.71664685,-0.84400624,0.006863289
0.109300807,173.1352997,34.68847275,1.342313766,1.400967836,0.003854774
0.070147455,206.2641602,34.98682785,1.364299417,2.694861174,0.002154171
0.073194705,201.4309387,44.46646881,2.288675785,3.941156864,0.002161883
0.054233961,193.6059418,35.37203217,0.591825306,-0.21941267,0.002106127
0.072635777,146.6292114,31.19234848,1.256882906,2.094833851,0.002862524
0.064290725,134.9882507,48.83799362,0.413621664,-0.478772223,0.004939719
0.02429663,85.81958771,40.33850479,0.011342593,-2.173084259,0.007421135
0.00671161,42.82216263,27.59157753,-0.026468497,-2.367801189,0.009039464
0.023110295,21.39432907,6.422284603,-0.783669114,-3.564206362,0.010207201
0.02711251,38.05666733,17.33284569,-1.467370272,-4.233870029,0.009145328
0.004590574,97.08460999,12.63381386,-0.896179378,-2.929182053,0.007908246
0.019484568,148.8343658,33.88408661,0.332026482,-0.081345692,0.00638587
0.029091796,187.9264679,34.33159256,0.856336832,0.56779182,0.004918935
0.095207989,209.0660858,50.80118942,1.508856535,2.248407125,0.002793626
0.096713729,196.6013641,38.39808273,1.567111135,2.252451658,0.002044546
0.045612924,224.6957855,32.93074799,0.601044834,0.828145921,0.002231174
0.052003071,161.4523468,36.60538864,-0.029139102,-2.175740957,0.002980221
0.087715007,116.7194443,42.33769989,-0.089564778,-1.674310684,0.003599097
0.045467015,85.59883118,49.13560867,0.857085049,0.464343369,0.006364199
0.018870411,66.40085602,33.92708588,-0.148301303,-1.593230367,0.009008718
0.015558496,38.72376633,14.48578835,-0.220309466,-2.881971598,0.010520458
0.017023796,58.82857132,7.368179798,-0.970337927,-4.089226723,0.00957549
0.003788458,100.9119034,10.83265877,-0.884488821,-2.952491522,0.007410535
0.017937941,162.8351593,30.43575096,-0.158207163,-2.079387426,0.006034342
0.069665559,168.7185516,53.23151016,1.164924502,0.869818866,0.004501895
0.095511712,201.8503723,44.53054047,1.704800248,3.018969774,0.002412827
0.088670835,202.7817535,42.11491776,2.076197863,3.006305218,0.002514721
0.085854106,162.9970093,48.73189545,1.122607112,0.265096188,0.002536691
0.074980527,128.2770691,45.92214584,2.433414936,2.679970026,0.002839969
0.059882026,117.7870255,45.17102051,0.433584481,-0.241809219,0.004540478
0.103940152,102.0249939,57.50034332,-0.761266828,-2.388025761,0.006184246
0.032119684,78.14783478,29.44579124,0.635627389,-0.670103133,0.009607827
0.009513667,40.5560379,16.0551548,-1.169142127,-3.948482275,0.010391109
0.031395484,45.67593765,5.988221645,-1.304504156,-4.097843647,0.009925913
0.001717628,110.001709,9.512084961,-1.033739924,-4.217139244,0.00770458
0.019703139,141.9669495,38.24207687,0.410007358,-0.269013971,0.00645408
0.093583263,154.071701,52.4273262,1.843695998,1.838207126,0.004220082
0.046311542,226.619751,38.71762466,1.603241205,3.709450483,0.002329454
0.066595159,206.3326263,38.86992645,1.902914882,2.536877155,0.002045271
0.07598123,182.8848724,27.22206497,1.761978149,2.4007833,0.002314852
0.054664694,173.9523621,27.79385567,1.255360603,2.745661974,0.0028602
0.053231485,114.1143265,42.07311249,0.955420732,0.467059702,0.004136497
0.05353184,89.07662201,47.2963829,0.238361537,-0.349331915,0.006641946
0.007725622,56.24639893,26.69367599,-0.235558242,-2.194377422,0.009121809
0.018350573,28.81680107,15.44070053,-0.759350181,-3.544679642,0.010165568
0.004981124,24.41283798,7.309070587,-0.891836762,-3.465180635,0.009789655
0.006059883,99.30287933,9.603650093,-0.776556969,-4.377153397,0.008986495
0.035300925,149.7292328,39.37423706,1.020974278,-0.532509148,0.006197567
0.031438764,180.3216095,29.41070175,0.303539664,0.177222431,0.003672
0.067564443,204.7431793,53.32810211,0.676453888,2.326170444,0.003253911
0.079070099,203.5540924,42.75209045,0.726388931,1.925457001,0.002152024
0.091742657,189.4408112,40.59683609,2.753405333,3.198720932,0.002446798
0.067773975,161.732132,37.22724152,0.540616214,1.784730911,0.003085896
0.080138303,123.3305435,47.99710083,1.121353507,0.750575244,0.003856859
0.032694153,72.98542023,40.88566971,1.797030926,1.662770033,0.005807558
0.013153766,60.85760498,26.36418152,0.082452379,-1.244642735,0.008760294
0.022896351,59.19971466,7.298089981,-1.261438251,-5.065464973,0.009231299
0.004922892,50.11563492,9.779262543,-1.351733088,-4.042702675,0.00910248
0.010701602,111.038414,14.78247833,-0.835638106,-4.155754089,0.007801211
0.024857881,126.5941467,36.2326622,0.627247393,-0.610896945,0.006564895
0.022152094,195.9035492,31.1531105,1.450829268,1.597872376,0.003388858
0.086973406,195.2095642,45.09276199,1.213732839,2.074625969,0.002830848
0.092573009,210.3167572,45.82408142,2.638520718,3.758209705,0.002562959
0.068114422,177.3235168,42.53699493,0.702842474,0.546925485,0.002914995
0.021997297,176.3371887,28.36037827,0.229070917,-0.709579349,0.003250052
0.043814961,99.68144226,53.15481949,0.782937706,-0.10038048,0.004268525
0.035014696,90.34703064,46.12945938,-0.046042811,0.27502206,0.006284044
0.009134781,53.02484512,29.21269035,-0.954323173,-2.423491716,0.00887697
0.002128551,38.6495285,6.339881897,-1.100317121,-4.435729027,0.008041542
0.004897111,39.03299332,6.857150078,-1.056465387,-4.843862057,0.009302598
0.010247314,96.1679306,13.89134693,-0.786828756,-2.512807369,0.008104408
0.021298535,149.1018829,39.3065033,-0.365054727,-2.74130702,0.005493641
0.038557291,158.7442169,51.93796539,1.305669904,2.126532316,0.003855793
0.087856978,193.1642914,37.21953201,2.592992544,3.654730558,0.00207322
0.088797875,187.5670471,41.41309357,2.990627289,4.194268227,0.001878288
0.02723735,221.2860413,33.35428238,-0.013440405,-0.474967271,0.001738872
0.042623259,155.8715973,43.94837189,1.127740145,1.423993826,0.003745914
0.020229455,118.6594238,42.36112595,0.808342338,1.455486774,0.004388644
0.027973929,91.05319214,42.22886658,0.430564702,0.570299268,0.005414576
0.006609632,75.58907318,32.28641891,-0.624068975,-3.926994801,0.007523165
0.004033217,36.01329041,8.727327347,-0.549305379,-4.05991745,0.007502168
0.006944773,39.92080307,5.157094002,-1.047370195,-4.654855251,0.007841094
0.006272065,97.03409576,9.904937744,-0.090353169,-2.96095252,0.007207316
0.022229668,140.7522278,40.13668823,0.761147916,0.552066743,0.005757581
0.068938479,193.6077118,48.57898331,-0.24855575,-0.334503114,0.003474484
0.101755723,192.8703918,55.25601578,0.844411075,2.312989473,0.002859518
0.056222294,177.7467041,48.37176514,2.371660709,2.082551718,0.002060634
0.060395721,174.8498383,39.52432632,2.306315899,3.424673796,0.002397247
0.049927149,139.0999146,45.54136276,1.806982875,1.965283871,0.003050006
0.076284759,108.4791336,50.34242249,1.65512681,0.984733701,0.003949129
0.048973393,98.44779968,44.49497604,0.601639569,-0.67115736,0.005801209
0.020390691,51.71645737,31.04078293,0.214326054,-1.050666094,0.009285711
0.004094264,32.95255661,15.13927269,-1.183988094,-3.320357084,0.009739366
0.005722685,38.7839241,6.670221806,-0.362948328,-3.146745682,0.010465791
0.000289862,103.9132004,7.630328178,-1.075779438,-4.011519432,0.009156611
0.060863908,127.8992996,44.94897461,1.342673898,-0.285559446,0.006330181
0.058973234,186.886795,43.23495483,1.408041596,1.388482094,0.00423617
0.054961018,198.5942383,40.70436478,2.183945894,3.48881793,0.00246835
0.076500297,191.5224609,35.42718887,2.064797401,2.407654047,0.002379787
0.055368926,188.4562225,34.83728409,1.601608396,2.420513153,0.001910692
0.045518178,150.5534363,41.76693726,1.064029932,1.514784098,0.003481017
0.067366071,107.3680878,41.71760941,1.094652414,0.658454776,0.004479973
0.066681929,92.43618774,47.86415482,1.394356608,1.196544766,0.006144236
0.012829168,66.67544556,34.16111374,-0.148269475,-1.268877149,0.009123342
0.005143568,35.43210983,17.64229202,-0.851134837,-2.87883687,0.00933641
0.00390166,28.16421127,6.972843647,-1.219732046,-4.137523174,0.008820268
0.001604821,97.83097839,16.35288048,-1.012341261,-2.486220598,0.007736319
0.018177813,156.1235657,27.81789017,0.458205312,-1.390761971,0.005268652
0.039065409,195.6409149,46.5381012,0.672447205,-0.553852558,0.005061852
0.057589483,179.029953,47.13152695,1.002836704,0.977894127,0.003152575
0.041000064,219.1344299,41.19233322,1.616908312,1.542551041,0.002674191
0.046170808,204.494873,45.63406754,1.599532485,1.302166939,0.00209589
0.0281798,150.4345551,30.36032867,1.005176425,0.458650589,0.003280924
0.03138322,106.0753937,43.15394211,1.581754088,2.118177652,0.003929421
0.026197603,85.71330261,42.93880081,0.499100894,-1.100181103,0.0063187
0.00065812,71.22864532,20.14996338,-0.892321169,-3.607074499,0.006247912
0.015071178,42.10723877,20.94786644,-0.682434976,-4.85969162,0.006673626
0.005332068,37.41575623,15.73295021,-0.782550812,-3.942263842,0.010238681
0.005762532,92.2420578,8.166842461,-0.299874336,-3.249489546,0.008660632
0.014456234,153.7537994,36.81597519,0.253164887,-1.035611987,0.006407933
0.065428637,186.7462463,37.51293564,0.496124268,0.409580171,0.004164211
0.079575635,207.7037201,50.21902847,1.839566588,3.164668083,0.003360015
0.099378414,187.2970734,46.10736465,2.407732725,3.989726067,0.002716129
0.078408338,185.6851349,46.81722641,1.806698084,3.397671938,0.002657147
0.049310762,148.3636169,42.73379898,0.572906137,-0.818978488,0.003200473
0.030026434,108.6901321,40.92816925,1.28128016,2.757410526,0.004363684
0.029566161,90.07376099,38.38039398,0.675599873,0.196216181,0.005854205
0.000126974,54.6511879,12.88053608,-0.373920232,-3.501883507,0.007723359
0.025243813,18.41609573,5.796871662,-1.141849041,-4.102863789,0.010093876
0.007392544,26.57450485,5.163851261,-0.899478376,-5.087468624,0.008894809
0.006554325,104.4125748,16.08706284,-0.739542007,-3.413022518,0.008078135
0.037728593,130.3888702,59.10157776,0.316850275,-1.341735005,0.006959846
0.081078582,193.7905426,40.71722412,0.440611422,0.806507707,0.003329617
0.103555225,185.8572998,48.13489532,2.651380539,4.014118671,0.002909106
0.157710865,182.8619995,52.85354996,2.76203227,3.716767788,0.002609235
0.054192316,175.4155426,43.28326035,1.367110252,2.128258228,0.003369273
0.086957492,157.7587891,34.72779465,0.707797885,-0.280924529,0.003151939
0.050349511,139.5939484,43.76225281,0.464821875,1.477146983,0.003879174
0.023096157,85.70928192,41.18564987,-0.074618585,-1.021868467,0.006828151
0.013895438,57.97994614,26.96099472,-0.032307126,-1.825379491,0.009559917
0.003447718,35.02042007,5.611720085,-1.254130721,-4.166906834,0.010217566
0.003213023,44.84033966,5.505625248,-0.837447762,-3.927514791,0.009330472
0.003930286,98.05046082,10.68447304,-0.957404554,-3.239221096,0.007276672
0.05468126,165.4275818,47.73084259,0.06125633,-2.233200312,0.007028076
0.109684519,182.7650452,45.8814888,1.746857524,1.742036343,0.004608339
0.11605341,205.9113312,35.24396515,1.922633052,3.370648146,0.003098618
0.069142915,218.8044434,31.99517441,1.510831594,1.309090614,0.001718382
0.073232397,195.3837433,17.82904625,0.751587391,0.602509797,0.002082607
0.032972578,172.9921722,32.21794128,-0.145001248,-0.702560842,0.002273483
0.08270707,125.1153336,54.63061523,0.29758966,-0.395286858,0.005169104
0.074259102,91.1449585,41.78123856,0.956919968,0.118321434,0.006653492
0.001559476,69.56669617,23.2727375,-0.498805016,-2.699288368,0.008509422
0.002435018,21.78926849,8.921278954,-0.327441961,-3.500504732,0.0103249
0.009631827,51.86059952,7.046523094,-1.352396607,-4.468091488,0.010010418
0.002230436,107.2623672,12.97411346,-0.64448452,-2.864833355,0.007911468
0.014231521,149.5023346,33.39682007,0.053233687,-0.609455824,0.006091593
0.078057736,165.1814117,44.67093277,1.935325146,2.452851057,0.003798938
0.115522042,195.1343536,39.28282547,1.852105856,2.600858927,0.002688095
0.099116288,193.647522,34.60226059,1.958587527,3.005910873,0.002093921
0.040219948,213.3096313,29.59547997,0.333563268,1.732785225,0.001983822
0.034305703,183.0194092,22.92488289,0.650075138,0.138831064,0.002726603
0.017761489,124.2924347,32.23003387,0.44606787,-0.062540509,0.00424827
0.03267578,109.8787842,34.16817856,-0.028087623,-0.467343926,0.005116898
0.002672394,61.39802551,24.46969795,-0.113971233,-1.996716142,0.00893606
0.040852506,24.83842278,33.77731323,-0.93531698,-4.139585495,0.0106829
0.000936618,40.60792542,8.169286728,-0.120843604,-3.452446461,0.009087788
0.003739843,84.68967438,11.02643871,-0.610985577,-3.775160551,0.007584186
0.005930261,122.4263382,21.61258698,0.489151925,-1.071916699,0.0058753
0.063801125,179.5469513,45.44717789,1.243438244,1.704768419,0.003882592
0.071227983,209.1937256,43.8551445,1.065058589,1.599636793,0.002280187
0.088487871,183.9312286,37.49667358,2.293288469,3.558756113,0.002046626
0.039805636,189.3938904,40.11225891,2.381519556,3.775145769,0.001996939
0.055428386,126.9229431,48.55101776,0.681111157,0.82657522,0.003695105
0.046233106,125.6294098,40.82826614,1.333386779,1.687553287,0.004278993
0.03105231,105.132431,33.36211014,0.215503708,-0.574875355,0.00630158
0.00535037,55.28067017,26.13429451,-0.033872489,-0.225484878,0.008726399
0.001202163,43.66365051,11.87089157,-0.880711257,-3.276144266,0.008234709
0.016252877,37.16213989,14.18266106,-0.955557048,-4.422886372,0.010314425
0.002550642,93.70267487,13.43360329,0.282506496,-2.470001936,0.008641129
0.023000233,139.0126495,25.48234558,1.229043007,0.671159685,0.00457655
0.057323769,166.0332184,44.29515457,1.245752335,2.879039526,0.003389577
0.048981931,211.4476776,31.14208031,1.096912146,2.016878128,0.002338562
0.076262355,189.7335205,44.74975204,1.977558136,3.446804047,0.002703141
0.034910798,197.1898499,32.12423706,1.302101851,1.181625247,0.002245697
0.045048963,160.562912,31.44806862,1.706632018,2.601848125,0.003111711
0.045856692,81.22525787,50.17087173,1.224858284,1.297904015,0.00415758
0.024695741,78.01646423,47.89793015,0.26343435,0.009137425,0.006366757
0.001289519,53.89082718,20.07025528,-0.410781741,-0.990362108,0.007927814
0.010379721,26.71693993,12.10446644,-0.583309233,-4.655869007,0.008550505
0.007771749,49.66239929,6.678602219,-1.100541711,-4.304014683,0.009597939
0.0103187,102.6446381,15.32792854,-0.762015998,-2.977836132,0.008049875
0.042571694,161.1316681,37.01918793,-0.576824427,-3.773959398,0.006680706
0.093526036,175.2602539,46.64898682,0.656086087,1.072616816,0.004940967
0.021577673,211.2900848,29.25333214,-0.091374449,0.378868431,0.001835341
0.044986639,219.0599976,34.7328949,0.046406657,0.900951564,0.002219275
0.065502413,148.7645874,48.03128433,2.120425224,2.96502161,0.002241686
0.033004399,170.2758331,38.77049637,0.056528881,-2.453930616,0.002485442
0.033950664,116.7679749,38.5734024,1.04124856,-0.48456791,0.00419646
0.025145065,80.54865265,37.7701149,0.659150183,-0.238678068,0.005545119
0.005767773,57.94554138,30.10868835,-0.280474693,-1.044013023,0.00901306
0.002770849,18.66560745,7.738438129,-1.209834337,-3.860730648,0.009943323
0.012754858,42.50568008,7.581926346,-1.292814612,-4.500747681,0.009736467
0.018906396,87.24291229,9.752398491,-0.10022448,-2.31339097,0.007618945
0.017846843,165.7916565,36.51180649,0.015073174,-1.508447647,0.005481859
0.058359534,171.2707367,37.16853333,1.712824702,1.576853156,0.004728068
0.121292613,166.9662476,60.79150772,1.291675568,0.963303208,0.003146587
0.059075356,197.2165222,36.93601227,2.149013519,2.817554235,0.002097315
0.091225855,191.3238983,49.0193367,1.851722002,4.094820499,0.002485606
0.029714763,148.4791412,47.00020981,2.283232212,2.566842318,0.003421837
0.010864376,95.08176422,35.79741669,1.02404654,1.273554444,0.004489169
0.038539108,79.02864075,34.30806351,1.38996613,1.905270219,0.005607173
0.014651161,69.5499649,28.95923996,0.323518723,-2.264597178,0.008707471
0.029280715,28.42650604,8.069746971,-0.918417692,-3.892899752,0.009636357
0.026686061,27.63789558,4.905819893,-0.708582878,-4.254036427,0.010878501
0.001400888,100.5805969,10.10793114,-0.799793065,-4.137261868,0.008072568
0.051042181,146.4826202,43.81581879,0.815653563,-1.349260092,0.006262611
0.099741824,173.7134857,34.0586319,2.438282728,3.302036524,0.003122579
0.032419503,236.1667938,42.61848831,0.541882813,1.513796806,0.002412365
0.05139561,213.5995026,36.44468307,1.501859307,1.668639898,0.002824845
0.080944903,179.0686493,40.76943207,2.080703497,3.987525225,0.002156095
0.027527792,160.8576965,37.94260025,1.493811727,1.157496095,0.003090231
0.015241567,115.643158,37.00967407,0.354834318,0.193309337,0.004103288
0.014861559,97.09036255,36.99510574,-0.00389455,-1.671288729,0.006712083
0.007620287,57.299366,28.53293228,0.238344073,-1.315187335,0.008723577
0.045229174,31.70323181,16.6870575,-1.333574772,-4.37990427,0.009903934
0.0063297,60.68681335,13.15324879,-0.535532057,-4.745017052,0.008845665
0.00147246,102.180748,13.44039345,-0.126495257,-1.874248981,0.007818179
0.00901149,156.6371002,24.49012375,0.180635214,-1.801246762,0.005085133
0.082504705,182.4135437,49.43872833,0.990323424,0.314439297,0.004679213
0.042508148,214.6113892,41.12554169,0.929923475,1.953350425,0.003007525
0.063646846,206.7189484,40.17137527,0.943631411,1.769546866,0.002100024
0.027602287,181.2542267,35.99251556,1.265803933,0.800491452,0.002772556
0.044243965,135.2835999,39.77241898,2.362858772,2.174287081,0.003110384
0.02895348,114.6339645,44.34515762,1.326973557,1.306041598,0.004887645
0.042470191,79.70384216,50.49516678,1.649430513,1.794022799,0.00642639
0.016571999,64.07757568,27.91308022,1.047035813,0.679715574,0.008661016
0.005495065,26.11982346,12.61629868,-0.884735823,-4.637311935,0.010457227
0.006875499,45.33325577,13.08586979,-1.060907841,-4.664544582,0.010013985
0.000470547,105.2246094,17.38106537,-0.472802699,-3.614822388,0.009228628
0.090430029,142.7507935,48.07568359,0.524849594,-0.903473258,0.00795093
0.105882451,177.6189117,48.84510422,0.22745049,0.270362228,0.004456209
0.093772732,195.2698059,40.78087234,2.153887033,3.137013197,0.002619338
0.053760659,205.4015961,45.79589844,1.783785105,2.374280691,0.002315314
0.111655809,177.3136749,47.92007065,2.804632425,3.645429611,0.002652406
0.05842071,146.1124115,50.56079865,-0.127231508,-1.069884062,0.003855736
0.086068764,125.3160934,53.50619125,1.027730465,-0.264840662,0.005962594
0.075736307,114.7379532,42.73504257,0.23949483,-0.068580255,0.006773799
0.023958143,65.66681671,20.85365486,-0.026358973,-1.656868815,0.009462195
0.01329581,48.62889099,7.683934212,-0.684274852,-3.85947752,0.010352597
0.006246348,68.30282593,8.914082527,-1.463186145,-4.444442749,0.009316108
0.013548331,105.0089493,20.51327896,-0.231041446,-3.330006361,0.008933081
0.059951596,148.6512909,33.27325439,-0.590182364,-2.66688323,0.006427611
0.047943451,184.9515839,42.77082443,1.350923538,1.224044204,0.004807882
0.140763879,176.5057526,40.5113678,4.337790012,5.928398609,0.003546137
0.128173232,190.4951477,53.91731262,2.838458538,4.222402096,0.003128931
0.070097029,158.47052,52.53781128,0.825076222,-0.796931922,0.002498691
0.060448062,135.6511841,52.00600815,1.366916537,0.349819571,0.003020296
0.064710572,110.3622665,50.11882782,2.240481377,3.27076149,0.004268694
0.021804871,77.0223465,33.14237976,0.64588666,-0.181435838,0.006463022
0.004228835,66.19869232,13.74906731,-0.569405019,-3.187103748,0.008099868
0.005580632,39.27351379,12.96121407,-0.760519922,-3.942414999,0.008915601
0.011134497,39.48959351,5.731631756,-1.837326646,-4.932516575,0.010156944
0.00064687,86.46083069,18.55013847,-0.0042678,-2.404339552,0.00890034
0.016885761,134.568161,28.88644981,-0.076907419,-1.945569634,0.006584197
0.045815382,182.5592957,29.71286011,1.881036162,2.719906807,0.003691386
0.080693655,231.7023926,54.99432373,0.186731204,0.415622175,0.002550622
0.110785276,171.7346954,53.95475006,2.954492092,4.820084572,0.003197396
0.062229868,175.6835327,43.1988945,1.075622201,1.09493351,0.002706302
0.05558496,141.4529572,44.86004639,0.504133523,-1.860574007,0.00400858
0.069046624,111.9492722,52.44421768,0.546078384,0.07366737,0.004340978
0.049222931,83.28617859,39.04870987,0.929269373,-0.365949929,0.006029282
0.000325011,40.6918335,14.05474377,0.123917729,-2.422511101,0.007891584
0.004475402,24.70140076,6.784221649,-0.925323009,-3.896859884,0.009165375
0.012052601,49.13177109,10.67995644,-1.260669112,-4.799387932,0.009869368
0.003664386,103.1857529,13.90105724,-0.53807205,-2.514934301,0.006989534
0.038900282,148.6409912,40.48987579,0.609021485,-0.768547773,0.006733268
0.06882105,172.7055969,61.33386993,0.473089397,-0.855391562,0.005513087
0.118861571,196.3310089,45.41904831,1.654465318,2.232131004,0.003039648
0.055275261,224.2187805,34.94950104,1.565499306,2.149729013,0.001915388
0.044482525,179.3554993,48.93231964,0.606253684,-0.671804905,0.002636397
0.052712832,132.4716492,45.12876511,1.089219809,1.236434698,0.003221971
0.081546187,126.5068207,32.29426956,1.117872,0.897250593,0.004591235
0.03539639,84.60264587,49.19596863,1.204043508,0.202965468,0.007674845
0.010423724,51.97651672,32.31357574,0.332810789,-1.777406812,0.009819024
0.007932251,18.97115707,9.819095612,-0.464604199,-4.520794392,0.010110491
0.011356334,48.5116272,10.07323551,-1.013107657,-4.161657333,0.010216183
0.014051413,82.32873535,14.78565407,-0.520228565,-3.164637089,0.009197885
0.02917124,143.9351349,43.79441452,0.453597695,-1.781123638,0.006008989
0.051305771,174.0014648,37.7414856,1.53493762,2.913932323,0.003977115
0.072353162,209.6828613,40.25669861,1.671283364,2.275903702,0.00287312
0.074737549,206.5658264,39.59137726,1.304004312,2.993347406,0.002590805
0.066487782,182.5395966,35.69033051,0.640186489,0.931683362,0.001950184
0.035584491,179.2612762,30.29200363,0.855141699,0.32776022,0.002713511
0.063074946,108.9608002,31.69428825,1.852936864,1.666157126,0.004738191
0.065120541,89.56826782,47.02422714,1.637767792,1.210222483,0.006431485
0.003070673,63.94195938,18.02797508,-0.442217231,-3.193511009,0.009055782
0.002951505,28.71868515,11.82587242,-0.775019646,-3.192829847,0.010689569
0.018304385,23.28964233,9.981654167,-0.884951115,-4.980761528,0.01074786
0.020593893,98.38136292,12.04380226,0.069529198,-3.192255974,0.008045268
0.034626245,128.016449,34.15847015,1.585864782,1.221044421,0.006367431
0.040029723,187.8804474,42.71580887,0.523801744,0.562737644,0.004987128
0.127727807,176.662735,49.78130341,3.068457603,3.723290205,0.003460555
