hurs(1),clwvi(1),psl(1),tas(1),va0(2),ua2(4)
83.92654419,0.052149221,102346.1172,263.6098633,2.580767155,4.693721294
83.46987152,0.048810836,102882.7969,260.5761719,1.485538244,1.067225218
75.92334747,0.054683067,101762.4531,269.6807861,1.781091809,-0.82570219
64.15833282,0.046017818,101561.25,280.06604,1.683223128,4.131295204
39.1313591,0.038036797,101069.8516,287.6913147,0.744903326,0.404221892
42.71214294,0.018435001,100700.6875,294.7385254,-0.163665682,-2.780230522
42.72283554,0.006058771,100542.1328,296.1403809,-0.889941931,-2.323891878
44.11497498,0.015786408,100849.3828,295.5998535,-1.129618645,-2.033550978
45.25004578,0.014068923,101379.7109,292.8059998,0.097096458,-0.668831527
53.36539078,0.009322988,101483.7656,284.8302612,1.413322806,-1.544523239
67.00120544,0.036218073,102219.1016,276.3716736,1.85205698,4.112526417
73.61313629,0.059820995,102451.8125,270.0178528,2.173079252,5.632211685
74.82250214,0.032771278,102666.1797,269.5691833,1.734471202,5.314497471
78.06519318,0.045880429,102665.5,270.2746277,0.513041735,3.712959766
72.33250427,0.050341167,101809.7422,273.7636108,0.559685647,2.072332144
49.92883301,0.042366352,101415.9609,281.8805237,1.359368086,-1.710030556
49.58715057,0.04463125,101039.0234,288.0885315,0.915021598,-0.277040899
45.19910812,0.021633636,100996.9844,293.168457,-0.54768455,-0.95597291
50.3579483,0.033858992,100774.5313,294.4897156,-1.743144512,-2.001096487
53.10731125,0.015817882,100800.9375,293.5737915,-0.77257508,-2.823124886
45.34069824,0.004327974,101174.3594,290.3129883,0.016212266,-2.053551674
52.24305344,0.015337361,101712.6563,286.184906,0.786019146,1.241914034
72.67145538,0.049154516,102142.6016,276.6402893,1.526046276,3.958054781
75.41590881,0.045733821,102330.1016,268.3547363,2.66013217,4.852478981
86.78923798,0.078145541,102514.0547,262.3688354,1.915410757,6.531233788
84.27411652,0.036235027,102215.6172,262.058197,3.098141432,0.067417793
79.49433136,0.035798613,101976.1953,269.6378784,1.988848567,2.232594967
66.95847321,0.049868993,101290.8047,280.8608093,1.555237412,0.773134172
40.35778427,0.0189921,101089.0391,288.2162781,0.955713689,0.987009585
32.31107712,0.011872411,100696.0703,295.3228455,0.282316625,-3.815425158
35.13811874,0.002070476,100393.4844,297.1184998,0.065981314,-4.97459507
38.9709549,0.014901448,100587.2188,295.6704407,0.068418004,-3.503940821
54.74882126,0.024504028,101223.4297,288.1355896,0.029814798,0.207191452
52.44745636,0.012207369,101812.8125,282.9825439,0.761080921,-0.06602408
66.82546234,0.035922639,102352.4766,276.9661255,1.269832015,3.767486811
65.33392334,0.015992396,102939.9453,267.8506775,0.673451543,2.788947582
70.60604858,0.04444604,102729.1328,268.1141968,1.200889468,5.163977146
79.42343903,0.042037178,102647.9922,265.864624,0.542239189,4.186374187
66.73847961,0.039319005,102171.4141,271.4452515,0.728423774,2.087685108
60.41272354,0.069164261,101385.4219,281.7850647,1.534880042,0.119168773
42.23577881,0.034401488,100782.0625,287.1069946,1.500280023,1.145474553
34.00042725,0.001841209,100735.5547,295.715332,0.209366515,-3.197189569
37.49993134,0.014657388,100432.5078,296.6648254,0.027919851,-3.275153637
40.0529213,0.033256933,100786.5703,294.6108398,-0.097160578,-3.610253096
45.58242035,0.002058667,101219.7578,290.0706482,-0.089121521,-0.261315316
45.0377121,0.013904807,101759.5391,284.0245972,1.805834532,2.597035885
61.23931503,0.052133635,102082.1094,277.8107605,2.139905691,3.664150953
91.34046936,0.0787654,102489.8281,268.9957581,1.883051157,5.549398899
88.77037811,0.076874651,102536.8359,263.991333,2.55987525,6.56733942
86.74067688,0.054460421,102012.9844,265.8036804,3.097035646,5.633308887
76.80928802,0.033135168,102031.4219,276.007782,1.74198842,3.01396966
50.47924805,0.041440178,101326.5156,282.3942261,1.788913131,2.867210388
36.26221466,0.018183833,100921.0078,290.192688,0.951770186,-0.175566792
34.25852966,0.007295117,100839.3438,293.7574463,0.204649523,-1.590847731
38.15361023,0.01257974,100360.5469,295.8855896,-0.33355391,-4.688003063
43.92541122,0.001665068,100704.2813,293.5823364,-0.312012434,-4.470348358
36.37427139,0.019629467,101277.5625,292.0414734,0.564708173,-2.557873011
63.9055748,0.045687679,101877.6172,281.8450928,1.765534639,3.51045537
71.38623047,0.070298299,102237.5078,276.1274109,2.794069052,5.22636652
87.11927795,0.063565977,102631.9063,262.9238586,2.709718943,6.342800617
89.39841461,0.038500316,102555.9141,262.1552734,1.818753481,7.260558605
85.16614532,0.041619897,102404.5781,264.6992493,2.466384411,1.36190927
81.51815033,0.076545246,101700.7578,273.6647949,1.434604168,2.518080473
57.80330658,0.047582079,101404.0078,280.403656,2.313024759,4.422803402
41.86751175,0.043476816,100927.1953,287.4040833,1.442023039,1.114821315
42.12774658,0.00924841,100922.8203,292.8895264,0.706350029,0.315544248
36.56952286,0.003768421,100643.2266,296.6192322,-0.580246925,-3.930861473
42.98258209,0.028088249,100738.7266,295.6747437,-0.269827873,-2.844204426
42.66318893,0.002416532,101287.6172,291.4659729,0.020210559,-1.338170171
58.03926086,0.039548635,101678.1797,284.5802917,2.419274092,3.286118984
75.0938797,0.050922308,102301.7891,273.7583313,2.161599874,5.322942734
80.04093933,0.07009922,102378.8828,269.9318237,3.295505047,6.97693491
90.70330811,0.113813497,102224.7813,267.9802246,4.251281738,9.208061218
78.21118927,0.038533308,102225.9688,267.6058044,2.989792347,4.373678684
78.07237244,0.065249227,102127.5859,272.7835999,1.87040019,5.710512638
74.12615967,0.077395089,101114.7109,277.5918579,3.016050577,5.089482307
39.56041718,0.029260566,101236.6719,289.2998962,1.229760885,-1.677776814
30.25190163,0.014198351,100652.7109,296.6540527,-0.402709574,-1.834931135
40.07108307,0.005938589,100415.1484,296.7464294,-1.159084558,-3.168060303
38.70570374,0.016636679,100728.7422,295.101532,0.162241548,-4.492179394
43.05089569,0.010039032,101322.6641,291.2472534,-0.148009628,-1.959736228
53.39365387,0.041884996,101650.5313,285.4448853,0.847780228,-0.150372878
69.60539246,0.036370426,102384.0078,273.3660583,1.794306755,6.382830143
84.04730988,0.034427885,102648.7578,262.6190186,1.179274917,3.674711704
85.38285828,0.051227257,102558.7031,263.6685181,1.493478417,5.790676594
80.66437531,0.033356395,102310.6797,266.0242004,1.174131155,4.612402439
72.77542877,0.045867108,102364.3203,270.8085022,1.388290405,4.732418537
58.06628418,0.050798368,101389.0469,282.273468,1.536651373,-1.643666983
43.21757507,0.033633161,101047.1563,288.9605713,1.689622164,-1.780124903
32.4916687,0.009086343,100885.9141,295.0653381,0.200288728,-2.066581964
43.94570923,0.033088136,100296.6406,295.7601013,-0.243517563,-5.602750301
42.12679291,0.003711944,100621.8828,295.660553,-0.604881406,-4.159863949
47.93404388,0.011368631,101266.2188,291.1317444,0.761105955,-1.611749887
58.85965729,0.041158147,101929.8125,283.0469055,0.674973249,-1.204696536
81.10094452,0.074924909,102237.3281,273.2194519,1.414410591,0.977132797
86.3479538,0.066352367,102554.6406,267.1400452,0.826572001,0.693747938
85.57736206,0.054809924,102840.5859,260.6843872,1.985109687,4.953814983
84.59710693,0.024612999,102584.5625,262.2738342,1.028129578,3.340935469
73.98544312,0.049368523,101854.4453,275.5637207,3.021487713,5.393386364
52.43307495,0.022201223,101424.0234,283.2945862,1.415681601,1.544266224
43.00396729,0.03865644,101190.1719,287.5197144,1.851333141,0.800375283
37.2368927,0.009061585,100661.7109,293.1059875,0.915263236,-1.837197542
37.27413177,0.00852354,100727.9453,296.7349243,-0.590982676,-3.341333628
35.88722992,0.010511326,100547.5234,295.6993103,0.004739079,-4.327789307
40.11752319,0.008232432,101163.9922,291.5383301,0.042878062,-0.805926621
49.67414856,0.005000199,102023.0078,282.1898499,0.866015196,3.13256216
68.349823,0.039503586,102266.4922,277.0406799,1.265832663,1.644344211
83.75067139,0.072013259,102404.2344,267.8254395,2.394484997,5.077497959
84.68095398,0.082853302,102457.0391,266.5517883,3.07054162,5.400736809
85.17749786,0.076348647,102262.9609,265.3963928,2.72501111,4.016591549
81.5734024,0.086714081,101910.7266,272.7102356,1.977579594,2.802074909
73.72370148,0.051524732,101387.4766,278.0169067,1.690918803,1.561851144
41.74872208,0.027175605,100944.9609,286.7211304,1.90946579,-0.93498981
44.33196259,0.021101002,100908.0625,290.8561707,0.777612805,-0.693321407
37.02271271,0.003763622,100506.1406,296.6603088,0.229715139,-4.032470703
39.69129944,0.008482707,100677.8906,294.7266235,0.056505106,-2.861457586
42.3802948,0.00244253,101389.4453,291.5994263,0.149639457,0.506391764
52.85860825,0.007421932,101798.0469,284.5057983,0.881562173,1.137135506
68.18720245,0.040261365,102232.8516,276.4743347,1.904400468,4.763118744
88.80200958,0.078871906,102514.2031,271.3232422,2.077236176,5.459946632
79.37551117,0.041543271,102889.7656,265.2522888,1.961707354,6.831707001
74.70249939,0.021801447,102284.2656,266.5820007,1.277368665,1.789281011
76.24791718,0.057860762,102205.125,267.8080139,2.140941858,5.722367287
59.84323502,0.032455098,101403.2813,281.7807007,2.368618727,3.30491066
54.39847946,0.053848129,100912.7109,284.9698486,1.646220922,1.045268774
45.31883621,0.018079281,100649.2188,293.9909363,0.697065473,-2.617385149
33.43907928,0.001281886,100413.5391,296.8422546,0.045784734,-3.658220768
41.94343185,0.002898639,100743.625,294.3413696,-0.457076937,-3.070411921
42.90866852,0.004187608,101380.3281,291.2249451,0.074322522,-1.023717523
68.45007324,0.107995555,101663.0156,281.6682739,1.695586681,0.364852071
79.63005829,0.097891733,102210.8047,276.3776855,1.334379792,1.537960529
88.52384186,0.073675968,102673.5078,264.3035583,1.935766578,4.689902306
88.37745667,0.057379715,102588.9688,262.9866638,0.951022267,5.558188915
86.85066223,0.052597698,102279.5859,262.054657,2.845500708,6.983044147
78.72518158,0.038823087,102030.0938,270.8019714,2.332397461,4.106233597
81.2842865,0.045891128,101681.0313,279.7127686,0.651052296,-0.989745438
52.12960434,0.053966429,101206.8281,286.8753662,1.750313997,-0.476559043
52.55560684,0.035647985,100709.8281,292.1337585,0.649480462,-2.834410667
38.85898209,0.006699086,100367.3516,296.4966736,-0.387847751,-5.208600521
41.21500397,0.001230787,100722.8906,294.9169922,-0.588380933,-2.548687458
45.22571182,0.002789976,101197.9844,289.7739563,0.017098216,-4.638858795
59.67601776,0.028534353,101909.4766,282.6965637,1.232957125,2.578604937
70.21839142,0.029278338,102294.5625,271.6916199,1.096368551,1.631358981
91.35946655,0.102075681,102294.8281,265.149353,2.216394424,6.136488438
91.53327942,0.061392028,102427.8203,260.5816956,3.274420977,5.354557514
87.59389496,0.082109444,102414.5078,261.8805542,2.431769133,7.343760967
83.38487244,0.039361816,101905.7969,270.1170654,2.309657097,5.718327045
82.20493317,0.050273579,101754.7266,279.5018616,1.241918325,1.25904572
35.90268326,0.032758046,100981,290.7003784,1.166771412,0.977448165
38.72546768,0.005485811,100765.4766,294.8665771,0.273024768,-2.510127306
37.02148056,0.027769925,100446.2422,296.972229,-0.142576024,-5.568583012
40.65571213,0.021469586,100649.25,295.4350891,-0.237248868,-3.151109934
48.64250565,0.002343726,101275.0078,290.9352112,0.240880147,-1.624588728
55.25933838,0.034627669,101643.1875,283.8773499,1.695648432,0.845954299
74.30627441,0.08175645,102240.5859,275.0834656,1.007494688,0.810069382
88.70815277,0.073772974,102505.1875,264.6480713,2.462906122,6.084561348
91.14585114,0.087906636,102595.5781,263.3054199,1.567302108,6.755620003
84.55381012,0.055659547,102473.3906,261.032074,2.468414545,5.484067917
78.32772827,0.041223135,102069.4531,270.6330261,2.317018032,4.164592266
82.39214325,0.057259746,101570.0234,278.2001953,1.462628365,-1.295832396
46.47119522,0.029206781,101142.1172,287.7670593,1.609055161,-0.305775225
38.16529846,0.015499301,100845.8438,292.8854065,0.682947338,-1.428358436
39.52745056,0.00778222,100586.4141,295.3678894,-0.097019382,-2.445854664
52.23379135,0.008307301,100680.5859,292.5964355,-0.698610723,-2.657577753
50.21238708,0.015341499,101320.7578,288.7139587,0.232140943,-0.91500324
59.41145706,0.025649354,101674.1563,281.1954956,1.877416968,-0.160215616
71.85327911,0.049182143,102285.9453,274.8703003,2.383687496,6.703085899
84.87897491,0.105117038,102293.4609,269.6392212,1.801323414,5.517777443
88.73947906,0.080949761,102442.3672,264.3636475,2.70047307,8.624957085
85.73081207,0.061456326,102507.6641,263.5081482,1.706327558,0.540121794
84.53954315,0.05305035,101921.4063,272.8875427,1.937237501,6.59279871
63.73854828,0.027642589,101456.0391,280.3295898,1.393941045,4.862272263
46.24236298,0.020560043,101074.6875,285.5313721,1.074585915,-1.318592072
41.57816696,0.021499431,100785.4688,292.3453064,0.687293708,-1.795825839
37.67546463,0.011913799,100608.8516,296.0683289,-0.410533369,-2.918923378
45.13125229,0.005368024,100659.3047,294.2159729,-0.425832242,-2.17485714
42.78222275,0.006920428,101206.4766,290.9151001,0.760310173,-1.77116549
51.83747864,0.015709709,101974.3359,282.4202271,1.885065436,4.955467224
73.75005341,0.07246913,102398.2578,276.753479,1.749764204,6.674141884
91.48918915,0.106048927,102586.5078,266.5629578,2.281554222,4.931343555
85.78956604,0.050010253,102772.9844,263.1528015,2.216313362,5.779923916
89.19073486,0.106919505,102283.6797,270.048645,1.714802742,4.066532135
85.86872101,0.081213325,101706.0469,277.0270996,1.4320364,-0.20747152
83.15311432,0.126227185,101788.9219,278.9117126,2.022528648,-2.108996868
79.51399231,0.051224068,101206.3125,283.8912354,1.036800385,2.402940273
49.89387512,0.006323348,100751.7734,292.5066223,-0.068092816,-2.750167131
44.94252396,0.010830721,100651.125,296.4706421,-0.515210927,-2.984354734
53.04307556,0.008914304,100956.2891,294.1888428,-0.8468979,-1.06854856
51.15921783,0.001308784,101556.8906,290.4733276,0.215794578,-1.024987698
52.89964676,0.019798351,102013.0234,282.109436,1.049351811,0.305751652
72.47320557,0.047579899,102313.1094,272.0136108,2.790992498,6.930241108
75.38028717,0.037528068,102556.1328,267.2571106,2.1550107,7.684129715
84.17185211,0.052346349,102801.5313,262.4035339,1.476506591,5.235591412
83.03018951,0.059648637,102390.9297,268.1336365,3.011801481,6.377948761
80.9484787,0.074810825,101928.3828,272.2050476,1.936152458,4.571763515
63.47949219,0.034051444,101383.9453,281.8912048,2.043277025,1.332457781
41.24876022,0.034373857,101226.6094,288.980072,0.989395797,0.874408603
34.25970459,0.001644759,100793.4063,294.5700684,-0.196366817,-1.683082104
40.58610535,0.009524943,100603.8516,295.5139465,-0.942882478,-1.69039166
43.70493317,0.014302157,100791.2031,294.5815735,-0.500289261,-3.691435337
55.15961075,0.014850099,101422.7734,290.9634094,-0.03466906,-1.141476035
68.15885162,0.060237233,101873.5234,283.3711243,0.548844934,-1.672209144
78.60952759,0.060638186,102150.3203,278.176178,1.809525132,0.496021509
80.47249603,0.081540391,102399.7266,270.6572571,1.495082378,5.199054241
90.37271881,0.075911857,102595.6484,265.3009644,2.223148346,4.02074194
89.4083786,0.080321305,102128.75,267.4597168,2.401379585,0.679986775
80.03881073,0.046280913,102161.1094,272.132843,1.705586791,4.696487904
73.76840973,0.056138527,101335.2578,281.4111328,1.21691525,-0.587620497
78.81577301,0.069154143,100853.9219,282.9252319,1.230346441,-2.908124685
62.67286301,0.01411047,101046.0078,291.627594,0.693280935,-2.279064894
39.61086273,0.005684142,100579.6484,296.1846924,0.516488612,-3.277486324
41.63002777,0.015793368,100540.9844,295.7249146,-0.102448069,-4.559832096
44.70307922,0.001052201,101122.0625,290.8621521,0.762103915,-2.421146393
53.54584503,0.018495623,101706.2578,283.5388489,2.342698336,0.910131454
74.09719086,0.092487797,102029.1719,276.1765442,3.31984663,4.883660793
93.39997864,0.15127638,102443.2422,271.8653259,2.336429596,6.336269855
91.9274292,0.124226302,102310.5,269.153595,2.982488871,7.486511707
85.67698669,0.048397608,102383.3359,264.2572632,1.632459044,6.11753273
80.49754333,0.083161846,101912.8359,270.6612854,1.266339779,-1.219754934
84.23384857,0.080518261,101266.8203,278.5331116,2.302129507,0.919632733
79.55992889,0.041378353,101151.9375,285.1682739,1.085404396,-0.819661558
48.08912659,0.003722989,100864.875,293.1681519,0.988187194,-2.475442171
43.75013733,0.001896717,100626.9297,295.3347778,-0.557611704,-1.407410145
51.1182251,0.012816315,100575.5781,294.7261047,-0.410729527,-2.469611645
45.42063904,0.006679529,101374.7344,289.5592041,0.418495983,-1.766699314
48.65515137,0.035846155,101744.6094,284.9914856,2.054935932,3.367058516
82.18720245,0.106936395,102083.2656,274.9997864,2.155642986,3.74378705
86.64797211,0.070137434,102297.2891,267.8512268,2.045700312,4.23331213
88.07132721,0.062591314,102891.9531,259.9605408,1.801062465,5.825652122
86.92401886,0.044253618,102435.3672,261.1051636,2.048362494,2.974230289
81.408638,0.056324542,101768.5938,271.7529907,2.7562747,3.965946674
55.36965179,0.031289678,101708.9375,279.6824341,1.449480653,2.22070384
40.42533493,0.02354469,101003.8828,289.109436,0.948621631,0.446159065
46.50600815,0.026822072,100909.6406,293.2391968,-0.160864979,-1.35046792
39.70199203,0.010836292,100549.6641,296.3414917,-0.864627182,-3.019391298
47.23178101,0.010966913,100897.2734,293.3891296,0.1965262,-1.659258366
42.56651688,0.007924295,101221.3125,292.2983093,0.33287394,-2.519770861
74.01368713,0.067614354,101866.4453,284.1974487,0.796200216,-2.606801271
84.22164917,0.06705261,102424.0391,275.9238892,1.457648873,2.335504532
88.24653625,0.070975073,102437.1953,265.6156311,2.271109343,6.393857002
83.95289612,0.054614156,102858.6953,260.9437256,1.15554595,0.594871461
86.28551483,0.03235681,102427.9219,262.5031738,2.010323763,3.246286392
77.13504028,0.048226893,102216.5313,273.26474,2.105233908,0.886180162
64.62210083,0.064435519,101156.2344,278.9672546,1.180702448,-0.519401491
66.46611786,0.068295427,101247.4531,283.7546082,1.10385406,-0.844964087
36.22370148,0.012691457,100797.2031,291.9114075,1.286757112,-0.086143553
39.37215042,0.00644887,100493.3047,296.3109741,-0.62371999,-3.716889858
42.65636063,0.018390298,100441.4453,294.8712769,0.063133903,-3.21643877
53.78766632,0.006991444,101148.9922,288.9020996,-0.145841822,0.595908225
53.18013382,0.0181826,101858.5469,281.5589905,0.954741597,1.832113624
72.84439087,0.044090886,102220.5078,274.6602783,2.365202665,3.476416349
77.11405945,0.031339161,102784.0313,268.3121643,1.595999837,4.154083729
82.02097321,0.042765465,102600.5469,264.1279602,2.339910746,6.682532787
89.39742279,0.064507335,102330.0234,265.0784912,2.732418776,4.936846733
79.2900238,0.041060086,102129.3203,268.8086548,1.258915544,3.145740032
58.17802429,0.011186735,101691.4375,281.4881592,0.952864468,3.136149406
40.84266281,0.017215911,101163.2656,287.5487061,1.018266439,1.670567989
32.93337631,0.025270393,100631.8672,295.9473572,-0.055254757,-2.515204668
34.83535767,0.018397493,100604.2109,296.2412415,0.049793005,-5.265719891
34.91111755,0.004840696,100635.3828,294.5124512,0.088912517,-5.427009583
42.38399887,0.001138678,101272.6875,290.787323,0.446026504,-2.800214291
49.08055115,0.028343285,101799.2109,285.660553,1.634194374,-1.164315224
72.78694916,0.053280666,102250.4375,278.4650574,1.966570854,0.862408161
84.65702057,0.074150175,102725.2109,266.8619385,1.277770042,1.225622892
89.40183258,0.09360905,102596.1016,268.4927368,2.929064751,7.271509647
84.65544128,0.091593333,102280.6875,267.8962097,2.070267439,5.46835041
85.41410065,0.09816245,101708.9766,272.8198242,1.758321047,2.928621769
76.18367767,0.074560851,101432.2266,278.0744019,1.38923347,1.792023182
71.63756561,0.028508278,101218.0313,283.3720398,0.906500518,-2.573419809
35.70991135,0.005837427,100950.9297,294.5256653,0.187643945,-1.721686006
40.10129166,0.012517283,100537.7656,296.4902039,-0.068730034,-1.972638965
54.17724609,0.013891976,100773.2656,293.6818542,-0.947491348,-1.526405454
41.51658249,0.026969383,101226.1953,292.3426208,0.699631989,-1.951035619
71.65808105,0.070906408,101687.8906,284.0433044,2.351146698,1.352023602
85.04703522,0.073368676,102408.6484,274.4715271,1.006889582,3.769892693
78.73902893,0.039252661,102653.9688,268.7775269,1.134179711,6.384518623
87.1315918,0.030507889,102953.3516,263.2813721,1.267541051,4.883582115
84.47065735,0.060637351,102471.4688,272.1875,2.36841321,7.082539082
63.23441315,0.045342028,101544.4844,277.9607239,2.85307169,4.258960247
51.5704689,0.046745397,101538.5547,282.6965332,1.190192461,2.393426657
38.92588425,0.033946201,101131.0156,287.7145081,1.279165268,1.818754673
41.41533661,0.020875957,100914.6797,293.0982361,0.661516726,-1.98336935
29.25891495,0.004651892,100643.6406,297.8944092,0.39675501,-4.859425545
38.47230911,0.010071126,100612.7891,296.697052,0.08358223,-5.145530701
32.36262894,0.017064296,101521.6953,292.3270569,1.027527332,-2.760565996
62.93893051,0.070172936,101632.2578,283.3566895,0.786243677,0.271102756
76.91608429,0.076640792,102349.1563,274.5481873,2.232495308,3.396371841
82.30947113,0.044738572,102865.6328,266.3288269,1.055232882,4.891819
89.17218018,0.059027772,102661.3438,262.2808533,1.832220078,5.414299488
80.49491882,0.080762915,102400.1641,269.035614,1.918909192,5.625694752
80.19658661,0.047469046,101962.3359,273.4540405,0.774727225,1.422544956
71.73223877,0.094781257,101323.3203,278.4035339,3.201133251,3.509950876
71.87038422,0.074695155,101299.7031,284.3867188,0.429117024,-0.557882845
38.08271408,0.010637097,100706.9922,294.3973389,0.553707659,-1.540213704
46.15731049,0.022505907,100464.8281,295.6991577,-0.592385292,-3.739392042
46.37076569,0.004315006,100599.3125,294.2563782,-0.506566226,-2.439857483
53.75209427,0.002232575,101461.7969,289.4331055,-0.126960412,-1.213208914
53.37253571,0.023296969,101876.4766,285.5908508,1.219241619,0.567421377
67.7572937,0.03789027,102070.75,276.9237976,2.521677732,2.491271019
78.96536255,0.067949466,102585.8984,270.7074585,2.226667643,6.0658741
89.52857208,0.042144228,102652.5078,261.491333,1.015629768,3.846666336
84.15821838,0.091959357,102077.3906,267.2650452,3.057663679,4.445738316
87.14338684,0.08648254,102024.1094,268.3935242,0.000699465,-2.645993471
76.88905334,0.067125648,101757.8125,276.9486694,0.826950192,2.385258913
48.26351166,0.031660561,100998.8047,288.5544739,1.328753591,-0.647028804
43.16156769,0.01148202,100824.2656,294.1272583,-0.028099874,-1.10287559
37.92824936,0.005138835,100444.5078,296.2674561,-0.374316484,-3.358383179
53.24212646,0.007275874,100879.4453,292.6956177,-0.776192009,-1.473174453
58.37713623,0.066252209,101435.7813,290.3820801,-0.1323587,-1.859240413
56.63391876,0.057904132,101635.6094,284.95578,2.753512859,2.329268456
66.26153564,0.064370401,102412.8516,273.7739563,1.830125809,3.67144227
85.91766357,0.108844735,102258.0313,268.1743469,3.193288565,2.9994452
90.06317139,0.055259503,102467.6094,261.9976807,2.023945093,6.379202843
89.49438477,0.075289071,102184.6719,264.4519958,2.536561489,3.061108589
76.16320038,0.029696487,101918.9375,271.9482422,2.116104603,4.697240829
79.10528564,0.119337142,101563.5547,280.3555298,1.11124444,0.631930709
58.39240265,0.022394463,101208.6563,286.7463989,1.636755109,2.293192387
44.03905869,0.015520507,100791.4609,293.7505188,0.215377554,-2.178024769
35.34330368,0.000789211,100406.6484,297.5517578,-0.4751634,-4.058901787
41.12883377,0.007354252,100546.2734,294.9428406,-0.15408352,-2.525535822
42.46013641,0.00956252,101333.5625,291.342041,0.235410795,-0.479012012
58.82125473,0.035807215,101819.7891,285.6624756,0.87723738,0.048955366
76.20618439,0.099650756,102070.0547,276.5289917,2.963324785,7.169628143
88.11016846,0.107920215,102539.7031,269.5222778,3.306584597,7.503185272
85.3125,0.062395886,102729.0781,263.9227295,2.063838482,7.736929893
74.20678711,0.022997079,102434.125,268.2676697,1.350916386,4.422719955
82.66901398,0.063848279,101979.9375,272.7812195,1.341658115,1.910277724
74.78987122,0.074290127,101430.9219,279.7856445,1.905447245,4.083962917
39.50292587,0.034443546,101096.125,287.6469727,1.318844676,1.733748078
40.18864059,0.013675591,100858.0703,293.6945801,-0.340747476,-2.455397844
42.35857773,0.007958989,100618.1328,295.9742432,-0.655749917,-2.663365841
39.39875031,0.01147735,100531.5313,296.061676,-0.495267153,-4.307880402
48.50101089,0.033866778,101398.75,291.3780518,0.828608513,-3.275695086
63.74045563,0.065603599,101670.6328,285.2993469,1.460982203,0.736329436
61.42050934,0.034166481,102353.4063,279.8929749,1.457496524,0.821916342
79.84144592,0.041747458,102458.875,267.3826294,1.81945169,4.654417038
82.32015228,0.050164741,102551.5156,263.6024475,2.510531902,4.754294395
87.43783569,0.067733772,102463.5078,263.5817261,1.269368172,2.137694836
79.47299194,0.045897376,101684.6641,274.5403137,2.404826403,4.019248486
64.4909668,0.031967111,101261.7578,280.8297119,0.34835121,1.322852135
40.6540451,0.031084182,100891.7813,288.1003418,1.900678515,1.899297476
33.95108032,0.00625726,100540.7656,294.5670471,0.301380485,-2.994441509
38.14791107,0.002043811,100421.5469,296.8560486,-1.621083617,-4.723479271
29.35562897,0.040697053,100455.0547,297.3543091,0.856713712,-4.483150005
46.74223709,0.00384624,101062.2031,289.8332825,0.16856052,-2.303511381
51.33897018,0.019830611,101797.2344,283.0628662,1.435607314,1.465136766
68.70456696,0.05800616,102303.7578,276.6471558,1.555547237,1.277266145
92.41110229,0.11427024,102080.8359,269.2731018,2.258279324,3.126299143
80.54257965,0.045369573,102773.7891,263.0378723,1.79919517,6.356998444
79.70677185,0.042066332,102361.7188,264.4177551,2.090477943,6.004545212
81.4183197,0.073604368,101689.5078,270.1915588,1.86909616,2.95559001
69.28353119,0.04269499,101702.8672,278.8265991,0.962764382,0.551196158
40.19223404,0.031902,100971.6328,286.938446,1.371097922,0.948640764
35.25650024,0.013115738,100740.4688,294.7311707,0.258095592,-1.10044241
40.75662231,0.009674978,100680.9844,296.3212891,-0.403336704,-1.446556687
47.33304214,0.015247376,100597.2656,294.1884766,-0.538362145,-2.206493855
46.38763046,0.026110122,101392.2109,290.4164734,0.315031976,-1.826337099
45.3370018,0.015203686,101697.1406,286.6317444,1.227292538,2.1840446
61.96509171,0.040357009,102238.4922,277.1382446,2.038032055,5.708962917
83.03868103,0.063040726,102564.7188,265.768219,1.656712055,4.533062458
90.18088531,0.06158331,102818.9922,260.8280029,1.743947983,3.794964314
89.02884674,0.072290197,102310.0938,268.3591614,2.507035971,3.495617628
81.03019714,0.05732793,101792.6406,271.3289185,3.068157673,3.470328093
70.3441391,0.041181929,101236.1016,278.085907,1.31665659,0.717353344
49.26470947,0.018709483,101251.9844,285.8335571,1.157136321,0.542217016
39.19242859,0.015444241,100859.7422,295.0735168,-0.159440145,-2.000187159
36.5231514,0.009937666,100527.5859,297.2316589,-1.064600229,-2.671227217
43.90642929,0.005484615,100736.5313,294.9241333,-0.581730425,-2.455091476
44.27885056,0.003831297,101305.8359,292.7228699,0.279212475,-1.062601924
56.58238602,0.061855178,101610.3281,285.1096497,2.291256905,0.131248102
77.53074646,0.09658628,102036.4844,277.6268616,1.837338924,5.61611557
91.25055695,0.116119429,102363.1094,268.3872681,1.725488305,2.069869995
90.35626984,0.070023358,102672.4297,264.828186,2.028257132,5.576375008
76.62366486,0.054106325,102236.5625,268.071106,3.026661158,6.33613348
78.70596313,0.053098891,101924.9375,271.7679749,1.202976704,3.669155836
67.31853485,0.05990069,101403.0156,279.6495056,1.783645391,0.512118638
67.28981018,0.078151658,101095.5156,283.5969543,1.169502378,0.62393558
42.54669952,0.010929713,100789.5078,293.5339661,0.767865717,-1.12793231
44.63897324,0.015320033,100690.7969,295.5378418,-0.712717712,-1.041476369
45.09785843,0.01750228,100533.3359,295.6960144,0.064789407,-2.900248051
43.99261856,0.001023403,101191.1875,292.2064819,0.320055634,0.102629736
52.14150238,0.032648124,101546.0938,285.106842,2.021525621,2.637876511
74.36006927,0.04116663,102490.3672,274.2634583,0.719497502,1.03775835
88.75051117,0.124744304,102319.1328,270.6932373,2.614803791,8.465540886
89.34970856,0.063901626,102744.9141,262.1100769,1.206805825,4.675290108
89.12976837,0.078261435,102375.2109,267.4836731,2.607128382,8.278447151
75.83403015,0.042498201,102018.6484,270.3447571,2.03749299,4.735305786
81.55473328,0.05787627,101482.8516,277.8415222,1.466862559,2.243758202
45.67031479,0.017430298,101377.2891,289.7654114,0.710525632,-0.322713226
41.01078033,0.006173247,100846.0156,295.4093933,0.772673607,-1.730589271
41.0524559,0.023183236,100459.0313,296.687561,0.168214321,-2.798601866
55.72348022,0.018583937,100756.5547,293.0636292,-0.661600292,-2.280205965
51.95324326,0.003060949,101096.1328,289.2737122,0.487267494,-1.490743756
51.60983276,0.02475011,101652.3516,285.0958252,1.238293886,2.48469758
72.76902008,0.057527393,102172.2109,275.190094,1.424483418,1.917986751
69.74235535,0.056658436,102381.1875,270.596283,2.58399272,6.305586338
91.01747894,0.071078964,102454.0391,263.697113,1.988553286,4.994769096
88.88668823,0.078346714,102283.5938,264.1389465,1.716432929,5.381701946
80.77565765,0.05557175,101893.3594,271.0146484,2.387445927,1.669016957
70.38082886,0.08950495,101259.0313,280.6491394,0.953869343,0.404951006
57.05096436,0.059681222,101135.375,284.6047058,2.495410442,2.304381132
39.54162979,0.026105145,100884.1563,295.4735718,0.8822788,-3.002394676
39.90794373,0.007782199,100510.6172,296.9354858,-0.696904004,-3.325038671
51.7402153,0.023572395,100416.9297,294.5441284,-1.754107714,-2.791458607
43.70529175,0.006370152,101227.9453,291.5464478,0.030364605,-1.526595831
53.88017654,0.021016773,101844.5078,282.8499146,1.052939892,1.639378428
66.49594879,0.04801124,102255.1094,276.50177,1.797420859,-0.737175226
85.24671936,0.064185798,102673.1563,266.7944946,1.89294374,3.238204956
87.55819702,0.036980879,102814.8906,261.1295471,2.395571232,6.918043613
81.88246155,0.036745969,102703.9141,264.638031,1.03714478,5.161880016
73.96341705,0.044464119,101647.9766,276.219635,2.419480801,4.577085972
50.61161423,0.046014667,101050.6016,281.8655701,1.858247638,-2.009688377
64.59351349,0.085055731,101144.8281,284.7356262,1.325310707,1.630306005
33.91194916,0.023304749,100630.6953,296.2342224,0.459042788,-3.016027212
36.22310638,0.006701761,100547.7344,296.8954468,-0.813402951,-3.999572754
42.6334877,0.013101563,100509.4531,295.7126465,-0.972203195,-3.407438517
47.09259033,0.018700207,101155.4063,291.9977417,0.436144143,-1.889820337
68.59689331,0.04909521,101736.7891,283.1852112,1.310670137,0.119610965
63.34930801,0.028760735,102434.3203,278.4664612,2.165004015,4.572104454
82.51141357,0.084521405,102298.0938,269.7876892,2.628342867,5.147639275
84.55966949,0.02230281,102757.25,259.0052795,1.805094242,5.885249615
85.88529205,0.054720294,102365.6016,265.1320496,1.778368354,3.295929432
72.29660797,0.039797191,102259.5625,270.874054,0.558252037,1.039338708
72.2859726,0.043977555,101443.9375,279.3167725,1.057202458,0.133549362
45.31830978,0.060615811,100922.3281,289.6206055,1.255273104,-0.590973079
51.27318573,0.021703443,100743.5703,292.7036743,0.255246788,-2.877162695
34.82518005,0.004001929,100223.3047,298.1567993,-0.384015501,-4.677093983
36.34659576,0.021811372,100652.2344,296.4253845,0.660437524,-2.602083921
44.71693039,0.006886516,101245.5703,292.0250854,0.588826239,-2.413749695
48.32325745,0.016960291,101881.2188,284.9521179,1.224868417,-1.87090826
63.80686188,0.051345419,102392.4453,277.2192383,1.992255092,4.608891487
84.05754089,0.094821937,102434.9141,268.6209717,2.903390169,4.958266735
92.84487915,0.08078061,102566.1563,265.2228088,2.219343662,3.850669622
84.8862381,0.08560437,102089.0313,268.9653931,4.101678848,8.388331413
84.82495117,0.060555629,101952.6875,269.1880798,2.167789221,6.963253021
67.9566803,0.035955794,101247.75,280.2109985,2.071007252,4.534684181
44.8455658,0.046867479,100921.9219,288.4629822,1.29161644,0.287006527
48.65309525,0.033300932,100746.8125,292.1102295,0.874956489,-0.772010088
40.69122696,0.016359273,100487.2656,296.427124,-0.293152332,-3.007459641
54.75328445,0.020540539,100722.3438,293.6754761,-1.193161249,-1.167798519
46.07242584,0.002427929,101205.6641,290.6393433,0.440580845,-1.389237761
59.33222198,0.053845268,101643.5703,286.299469,2.545561552,0.182936445
76.85701752,0.065092705,102098.3125,275.7279053,2.974774599,3.935481548
81.92896271,0.058954764,102710.4063,267.5823669,1.147409201,2.073872566
92.21700287,0.118707411,102430.6016,267.3778381,3.100147247,6.90677166
89.94494629,0.069568165,102145.25,267.1028748,2.780348301,6.976601601
84.62582397,0.066780545,101797.7109,269.555481,1.844334245,3.11508131
73.17933655,0.072378352,101452.7891,278.710144,1.212395906,0.943009377
71.66802979,0.064249121,101303.3984,283.7948914,1.086396694,-1.950869203
39.04277802,0.007306499,100808.9688,294.9386292,0.811261773,-2.507134914
38.95703888,0.002709242,100364.4531,297.4898987,-0.195719004,-1.370693326
39.7620163,0.001050428,100463.6875,295.9376526,0.480229259,-3.720976353
40.42100525,0.008566144,101247.6875,292.2544861,0.335493565,-2.376392365
50.12995148,0.016777212,101813.0547,281.6016541,1.82503736,3.570488453
75.36322021,0.06352862,102144.1719,277.1569824,1.831734657,4.005653858
86.87140656,0.084496781,102504.9688,264.4478149,2.659986258,6.494354248
89.75650024,0.057745788,102516.6953,261.4114685,1.847560287,4.617539883
86.00584412,0.087667383,102320.9297,263.7211609,2.971928596,7.503397942
77.44145966,0.034726057,101787.4766,272.9743347,2.560404301,4.943968296
78.68901062,0.063747361,101421.5469,279.81427,1.325797081,3.344384909
44.02374268,0.037364978,101195.4297,288.9389038,0.99689573,1.216491103
35.36261749,0.003954032,100771.4453,294.1926575,-0.021782756,-1.939400434
44.49045563,0.023343613,100296.8984,296.3096619,-0.423467189,-3.445752859
44.52572632,0.032278236,100429.0781,295.6763611,-0.339811772,-3.778167248
46.66131592,0.004620904,101169.7813,291.0357056,0.112131231,-1.629456401
54.80948639,0.059890587,101760.8984,285.7987366,1.611533165,0.88880223
90.81771851,0.109300807,102145.1875,274.7746582,1.911742687,4.164671898
91.46791077,0.070147455,102601.3125,264.4002075,2.069782495,4.928160191
91.67249298,0.073194705,102544.1797,263.6897278,2.852776766,6.914916992
86.54695892,0.054233961,102426.4922,265.7970581,1.332736611,2.833657742
83.30073547,0.072635777,101834.2422,270.2684631,1.56552124,3.40089798
70.76168823,0.064290725,101651.4688,281.2039795,1.116576672,0.632083237
40.15247726,0.02429663,101032.7188,292.2454224,0.468396664,-2.484477282
37.25882339,0.00671161,100540.0156,296.098114,0.37720868,-3.220486879
35.65878677,0.023110295,100303.3672,298.1866455,-0.441100001,-3.191073656
46.75646591,0.02711251,100509.5,295.1633606,-0.958243549,-3.095984459
51.02981567,0.004590574,101178.3906,290.1109314,-0.318858534,-0.866482019
52.41233826,0.019484568,101786.1641,285.0805969,1.225788474,1.878487825
69.18688965,0.029091796,102291.5859,279.1810913,1.576118827,3.123723984
84.54942322,0.095207989,102596.7891,271.1465454,2.198127508,5.486562252
85.0572052,0.096713729,102466.2578,267.2988281,2.136348248,3.440945148
82.65285492,0.045612924,102813.4844,266.1951904,1.143326759,5.375852108
86.81745911,0.052003071,102014.5391,270.6763916,0.807341218,-0.674279153
79.39914703,0.087715007,101449.2656,278.5397034,0.582945824,0.747575045
47.87821579,0.045467015,101038.4922,287.5917358,1.186566353,0.312880427
41.22412109,0.018870411,100816.9375,293.9027405,0.097349957,-2.445220709
36.77763367,0.015558496,100499.8984,297.2303162,0.319038391,-2.985101461
41.82468796,0.017023796,100730.9063,295.3888245,-0.439544857,-3.016130924
50.17081451,0.003788458,101221.8047,289.0745544,-0.245021671,-1.242967725
53.63760757,0.017937941,101952.8516,283.6900635,0.465138942,-0.854413152
67.17188263,0.069665559,102057.1328,279.1655579,1.929179549,3.376494169
87.44738007,0.095511712,102531.4531,267.0046082,2.397849321,5.199820995
91.62413788,0.088670835,102547.3281,266.0742493,2.477931738,5.595160007
87.73973846,0.085854106,102038.4766,266.9666748,2.129137278,1.720031381
82.32685089,0.074980527,101595.0938,270.0576172,3.186536312,4.314296246
82.73859406,0.059882026,101456.875,278.660675,1.24181211,-0.43452704
89.02545929,0.103940152,101270.4844,282.8294067,-0.259074122,-1.51443696
54.49342346,0.032119684,100953.0313,291.3861084,1.126122236,-1.993093967
49.55667877,0.009513667,100538.8984,294.9664001,-0.774185658,-3.422134399
45.16920471,0.031395484,100591.3438,295.400116,-0.810575724,-3.379703522
55.75942993,0.001717628,101338.4297,289.1697083,-0.537461281,-0.339130074
55.3486824,0.019703139,101712.0703,284.2663269,1.23395443,1.349612713
81.96548462,0.093583263,101908.5938,274.5543823,2.469171762,1.872612
83.5522995,0.046311542,102863.8984,263.9455566,2.127642632,7.313219547
90.73792267,0.066595159,102616.5156,261.5898132,2.359197378,4.948210239
84.83270264,0.07598123,102298.625,265.6893311,2.77990365,3.755493641
81.44689941,0.054664694,102162.1484,271.0788269,1.943631411,4.712408066
59.31277466,0.053231485,101396.3047,282.2297668,1.84207201,1.828627229
56.90893555,0.05353184,101089.9766,286.9358521,0.648759246,-1.069236994
43.61919022,0.007725622,100703.25,294.6993408,0.190614626,-1.665587783
40.1361351,0.018350573,100394.9219,297.4466553,-0.212402642,-3.228089809
40.69307327,0.004981124,100345.1797,295.8638306,-0.56635344,-3.215728045
47.2902832,0.006059883,101199.6406,292.9058838,-0.157007262,-2.628427744
51.15997314,0.035300925,101797.5469,284.8318481,1.973358512,1.458688736
66.62498474,0.031438764,102213.1563,275.8073425,1.290567994,2.605806112
85.91387177,0.067564443,102545.9922,270.3272095,1.251755118,4.185547829
87.57157135,0.079070099,102562.7109,267.4806824,1.361956954,5.032919407
86.6703949,0.091742657,102377.1406,267.0592957,3.357640982,5.564438343
82.68732452,0.067773975,102008.9063,273.2436829,1.229568243,6.324183941
67.28871155,0.080138303,101505.0391,279.5536804,1.78729105,0.248559952
43.01806641,0.032694153,100892.5547,285.7975769,2.24090004,1.061212063
40.54524612,0.013153766,100753.6797,293.717926,0.737680793,-1.594962716
42.50447845,0.022896351,100745.1328,296.1576538,-0.84948957,-2.899760723
41.03674698,0.004922892,100636.6875,295.5917664,-0.460444629,-5.04924202
47.91240692,0.010701602,101337.8594,290.5482483,-0.144788548,-2.206377268
53.40979004,0.024857881,101522.8047,284.942627,1.562628031,0.191996232
57.86482239,0.022152094,102389.7188,275.9104004,2.288528681,5.168581963
82.64941406,0.086973406,102428.9375,271.1490479,1.822360396,5.73069191
87.75556946,0.092573009,102631.0625,266.927948,3.147814512,6.852368355
78.84500122,0.068114422,102197.9375,269.9701538,1.072362661,2.726925135
79.14347839,0.021997297,102177.9766,273.8282471,0.789737284,2.997779369
64.06704712,0.043814961,101226.25,280.4451904,1.532484889,0.893831313
42.40246582,0.035014696,101088.5,289.0953674,0.217218295,0.549704432
37.1448288,0.009134781,100656.0391,296.0712585,-0.593577921,-1.117973208
35.61851501,0.002128551,100502.8906,297.5393066,-0.584110796,-2.695252419
41.16596985,0.004897111,100514.7422,296.489563,-0.179299325,-5.133329391
49.69858551,0.010247314,101169.1484,290.3292542,0.112837166,-0.979100883
59.75628281,0.021298535,101806.1953,282.8670654,0.448554754,-0.92615968
72.07752991,0.038557291,101956.3203,275.8623352,2.256788969,1.510289431
87.69411469,0.087856978,102436.3906,264.6768799,3.23086524,7.4349823
89.13738251,0.088797875,102385.1953,262.3128967,3.206755161,7.222080231
83.55838776,0.02723735,102788.6016,261.4591064,0.574409842,0.984758496
81.93881226,0.042623259,101924.0781,274.7459106,1.787695765,3.232320309
53.54774094,0.020229455,101439.4531,282.4937439,1.395449281,2.66077137
43.26262665,0.027973929,101099.9453,287.7284546,0.787166059,0.512609184
34.03508759,0.006609632,100909.6641,295.7762451,-0.275061131,-2.982923508
29.71492958,0.004033217,100462.4766,299.1981812,-0.237468213,-4.198943615
38.87614441,0.006944773,100516.5469,296.37323,-0.443909109,-3.074281931
43.08989334,0.006272065,101164.4766,292.4248657,0.539654136,-1.776282072
34.75862885,0.022229668,101658.8438,287.6239014,1.56022203,0.726231575
78.36790466,0.068938479,102396.8594,273.441864,0.481831729,1.992811918
87.77115631,0.101755723,102409.7969,269.3250427,1.605938911,4.41422224
90.38224792,0.056222294,102256.25,262.1837158,3.386789799,3.830825329
81.33496094,0.060395721,102176.7813,268.1480408,2.669300079,6.944295406
79.65105438,0.049927149,101725.3047,273.132019,2.556894064,3.52846384
64.81484222,0.076284759,101335.375,278.6265564,2.446095705,0.790202558
41.81223679,0.048973393,101187.0156,288.0539551,1.29851675,-0.312796742
48.46932602,0.020390691,100659.9531,294.0851746,0.598424315,-1.620720506
40.18407059,0.004094264,100442.4453,296.6568298,-0.751037657,-4.113782406
38.15992737,0.005722685,100499.4375,296.5887451,0.273891658,-2.989412069
41.97622299,0.000289862,101240.9688,293.2777405,-0.515175521,-2.242927551
48.52000809,0.060863908,101527.2891,285.5267639,2.298188925,0.751978278
84.40839386,0.058973234,102307.875,274.942749,2.095658779,2.114765882
79.7358551,0.054961018,102465.8672,267.9566345,2.718271732,7.283759594
86.99048615,0.076500297,102403.7109,265.3554993,2.663319349,5.253054142
86.15622711,0.055368926,102385.2031,263.9881592,2.193062782,5.065475464
83.04433441,0.045518178,101867.7188,272.1573792,1.816159248,3.056064606
74.88205719,0.067366071,101326.7813,279.7969971,1.869210601,0.536104321
53.15516281,0.066681929,101122.375,287.4891663,1.966897368,1.007094026
39.42329788,0.012829168,100813.2344,294.2889099,0.364155829,-2.790245056
38.29708481,0.005143568,100467.3359,297.553833,-0.220896602,-1.79529798
36.6224556,0.00390166,100386.9375,297.491272,-0.715932846,-3.99664712
45.41101837,0.001604821,101178.7344,291.7568054,-0.359600782,-1.127225995
49.83030701,0.018177813,101866.375,284.9100647,1.350165129,-0.022446664
60.48868561,0.039065409,102369.0156,278.6447449,1.62352705,0.022833621
83.26832581,0.057589483,102232.6484,270.2066345,2.074075937,3.628393888
82.4365921,0.041000064,102727.25,268.1868286,2.219304562,6.188950539
76.27450562,0.046170808,102563.2109,265.0001526,2.300894976,4.891199112
72.657341,0.0281798,101852.6406,275.7828674,1.641494989,1.994885325
42.75959015,0.03138322,101285.2969,283.2289124,2.11341548,3.208476782
40.53089142,0.026197603,101035.5234,289.25177,1.27018702,-0.673038661
28.84157753,0.00065812,100853.9688,295.4146423,-0.426813126,-2.605097771
28.8048439,0.015071178,100527.4922,299.0914612,-0.100331694,-4.940874577
40.97957993,0.005332068,100489.875,296.6752014,-0.028418951,-4.56197834
44.37359238,0.005762532,101111.9063,291.9622498,0.359752744,-2.488110065
44.99020004,0.014456234,101823.8281,286.9065247,1.018513799,1.152505279
74.17900085,0.065428637,102301.4922,276.6932678,1.328497052,1.758176565
87.90377045,0.079575635,102584.8594,270.2836914,2.263973951,6.19069767
89.56732941,0.099378414,102344.1406,269.1177979,2.921702385,7.543469906
87.47302246,0.078408338,102320.6406,269.493988,2.201697111,6.795897007
79.98861694,0.049310762,101834.1641,274.8208923,1.335523486,1.056102991
53.41479492,0.030026434,101325.5156,283.5496521,1.817104936,3.487504721
37.89492416,0.029566161,101085.3828,288.8447266,1.040650249,1.202644348
29.84889221,0.000126974,100666,297.2742004,0.072830103,-3.495559931
38.93070221,0.025243813,100281.8672,298.1906128,-0.695579052,-3.72863698
41.00598907,0.007392544,100372.6484,296.2622681,-0.294970602,-4.688886166
47.87403107,0.006554325,101258.8984,291.8336792,0.130024731,-0.831083357
56.57800674,0.037728593,101567.6406,287.2635803,1.29761517,0.347581506
84.73758698,0.081078582,102388.4844,275.318634,1.268304229,3.306829691
83.72977448,0.103555225,102315.1484,271.141571,3.082383156,6.93777132
93.28185272,0.157710865,102299.2734,268.3987732,3.270568848,5.276471615
87.95227814,0.054192316,102174.8984,271.1835327,1.673877478,5.209585667
87.46513367,0.086957492,101963.9844,274.2816467,1.213953614,1.100152493
83.17054749,0.050349511,101719.8359,277.4591675,1.011550307,2.98666811
47.29076767,0.023096157,101043.0625,289.9890137,0.374313921,-1.160470963
43.55700302,0.013895438,100719.1563,295.7242432,0.304234356,-1.940808773
40.66560364,0.003447718,100470.3359,297.5247803,-0.785056591,-3.587606907
38.60449219,0.003213023,100573.1875,297.506897,-0.106327489,-3.210522175
44.58088684,0.003930286,101182.5547,292.5580444,-0.236174271,-1.146766186
50.40802765,0.05468126,101965.7969,287.18573,0.813750267,-1.239231825
77.62783051,0.109684519,102235.8984,278.9762878,2.473996162,4.35106802
88.4095459,0.11605341,102560.4922,271.4928589,2.560707092,7.029081345
89.19306183,0.069142915,102790.4531,261.9509277,2.13878274,3.518281698
87.87081146,0.073232397,102453.3516,265.5592041,1.572349072,3.12329793
81.70019531,0.032972578,102153.8828,268.3294983,0.555897176,1.43377018
81.16381073,0.08270707,101537.9375,281.7762451,0.917662799,-0.109275326
69.01576996,0.074259102,101128.4688,285.2416687,1.572396636,-1.514737606
44.39765549,0.001559476,100859.0234,295.6791687,-0.104589507,-1.394845843
33.69047546,0.002435018,100306.4063,299.6112976,-0.038822871,-3.013067245
49.64668655,0.009631827,100670.5938,295.1356506,-0.647116303,-2.584914923
44.36449814,0.002230436,101277.3828,293.0801697,-0.014854505,-0.935223639
53.35224533,0.014231521,101791.4219,286.1188354,0.888413489,1.759369493
67.27996063,0.078057736,102023.3281,276.5652161,2.655468464,3.71992445
89.20523071,0.115522042,102440.8203,269.1271362,2.566824675,6.054325104
90.50215149,0.099116288,102457.0078,265.1944885,2.377844334,5.463424206
81.06484222,0.040219948,102696.9531,264.3171387,0.973207355,5.508838654
78.24105835,0.034305703,102275.8047,270.4188538,1.288513303,2.281652212
51.43228149,0.017761489,101500.8125,285.1884766,0.989351392,3.009243965
39.18777084,0.03267578,101316.1797,288.5584106,0.457325369,1.856665015
39.40589523,0.002672394,100753.7656,295.7123718,0.412117332,-2.790048838
54.98968887,0.040852506,100377.9688,295.2747498,-0.222561494,-3.770712376
35.50786591,0.000936618,100512.4688,297.2800598,0.670071721,-5.081101418
47.96258545,0.003739843,101035.6328,291.9802246,0.524248064,-1.741408229
49.66687393,0.005930261,101470.4375,286.1240234,1.262866497,1.190253735
74.48002625,0.063801125,102202.5781,277.6466064,1.949650645,5.360737801
85.01181793,0.071227983,102623.5859,264.3136597,2.055113316,3.916699171
91.08190918,0.088487871,102326.0547,264.9895325,2.873708963,6.499648094
83.00727844,0.039805636,102378.5781,264.4707947,3.067109346,7.851655483
79.76480103,0.055428386,101570.125,276.1548157,1.42600894,2.437083483
57.65520096,0.046233106,101532.9609,281.4995117,1.856159925,3.425045729
42.70773315,0.03105231,101267.2891,287.9909363,0.828942358,-0.21071583
35.87730408,0.00535037,100679.5859,295.3426819,0.287245661,-1.072574854
34.39027786,0.001202163,100555.0469,298.5923462,-0.281348616,-0.881914079
50.76876831,0.016252877,100504.8594,295.5504456,-0.096607618,-2.663347244
45.14513397,0.002550642,101127.25,292.1717529,1.053881645,-1.041371226
48.81288528,0.023000233,101678.75,283.4276428,2.136625528,2.47149229
71.46196747,0.057323769,102050.625,274.2195435,1.790992498,6.558479786
82.62770844,0.048981931,102641.4219,265.6963501,1.792655945,4.444499969
84.55560303,0.076262355,102362.75,269.6570435,2.469066381,7.060220718
74.9901123,0.034910798,102463.7578,267.6833191,1.963842034,3.24327755
73.66955566,0.045048963,101986.1875,273.3926697,2.119150639,5.53209877
41.92033386,0.045856692,100988.9844,283.5903625,1.729228735,1.409783006
42.98636627,0.024695741,100946.3906,289.7434998,0.682266831,-0.118981086
33.83387375,0.001289519,100658.5156,295.7434082,-0.031787749,-0.766793311
30.87558937,0.010379721,100362.2344,299.2507019,0.080486633,-4.501502991
40.50237656,0.007771749,100631.3594,296.6003418,-0.458268762,-2.655384302
43.12989426,0.0103187,101229.5,293.0842896,-0.123359911,-1.331178665
68.99596405,0.042571694,101954.9219,285.1394348,0.063143559,-0.271275491
85.64985657,0.093526036,102159.5,278.2050781,1.301328301,3.99115181
66.373703,0.021577673,102625.7813,267.4412842,0.558180928,4.82130909
69.17649841,0.044986639,102731.0547,268.0540771,0.5056898,3.83289957
69.61595154,0.065502413,101852.7422,269.4634705,2.804299355,7.253536701
81.01013184,0.033004399,102124.3828,269.2243958,1.075203538,0.032091077
55.55125809,0.033950664,101420.9453,282.6726074,1.641246915,1.263033986
30.63642693,0.025145065,100958.2266,292.5058899,1.221024156,-0.03199188
33.34833527,0.005767773,100703.5625,296.9317017,0.191950291,-1.498811007
40.19391632,0.002770849,100288.0234,297.6227112,-0.728000462,-4.13953352
43.52830887,0.012754858,100557.3594,296.3131104,-0.716369867,-3.661134481
42.07596207,0.018906396,101055.6094,291.975647,0.490745038,-0.196323961
47.89849854,0.017846843,101975.4766,285.696991,0.777211368,1.554770231
65.81177521,0.058359534,102083.9688,279.2895508,2.56690383,3.872972965
90.97994995,0.121292613,102092.7656,271.17453,2.147887707,2.025072336
88.31188965,0.059075356,102478.4766,265.9012146,2.828420877,7.091054916
88.9220047,0.091225855,102414.2422,267.076416,2.312396526,8.24825573
74.57423401,0.029714763,101828.8203,275.5795898,3.022788286,5.597993851
42.09849167,0.010864376,101154.9531,283.6249084,1.682305098,3.128813744
42.85447311,0.038539108,100962.3203,285.8405457,1.800103784,0.006583911
49.25543213,0.014651161,100864.0156,293.5693054,0.781867504,-3.289610624
36.62451553,0.029280715,100387.2734,298.8779602,-0.679407954,-3.946713924
39.39148712,0.026686061,100383.9219,297.4131775,-0.339177132,-3.684561729
48.52606964,0.001400888,101215.8047,292.2475281,-0.28173241,-1.113306165
56.26029968,0.051042181,101749.3359,286.8348083,2.000080109,0.318148613
88.01274109,0.099741824,102170.3203,271.1135254,3.108726263,5.901957989
84.29792023,0.032419503,102960.9375,265.268219,1.080307722,4.481118679
84.8890152,0.05139561,102654.6172,268.6720886,2.205304861,4.294277191
78.04093933,0.080944903,102238.6328,268.5505676,2.593358994,8.230437279
77.00021362,0.027527792,101988.2266,273.566803,2.26045537,1.808205962
42.48984146,0.015241567,101396.6016,284.4888611,0.958511591,2.561500788
46.25163269,0.014861559,101178.0469,289.2486877,0.50447011,-2.896600008
41.45067978,0.007620287,100712.1563,295.3763733,0.51054281,-2.033790588
44.63510132,0.045229174,100442.3672,296.6277161,-0.949558318,-2.918762445
39.77686691,0.0063297,100755.5703,296.5150452,0.000107292,-2.922399282
38.72828674,0.00147246,101218.3672,293.0464478,0.562110245,-0.558392823
48.26487732,0.00901149,101878.2891,284.0666809,1.030990362,0.675315619
76.14754486,0.082504705,102233.6719,277.4358521,1.746672153,1.661739707
76.46794891,0.042508148,102669.0391,269.2981567,1.816504955,3.620092869
82.36379242,0.063646846,102608.9453,265.4673462,1.617126822,4.291535854
73.86564636,0.027602287,102251.8281,270.532959,1.854965925,3.517399311
73.99252319,0.044243965,101670.625,275.091217,2.86862874,4.581106663
50.68828583,0.02895348,101386.6484,284.2348328,1.832235694,2.88868022
50.29535675,0.042470191,100975.625,286.5478821,2.051175594,0.398217291
38.46003723,0.016571999,100781.8594,293.2542725,1.451393008,-0.090018161
35.04889297,0.005495065,100357.2891,299.0357666,-0.33758536,-5.06667757
41.89498901,0.006875499,100585.7344,297.0092468,-0.577397645,-3.753564835
40.90798569,0.000470547,101247.7891,293.8569641,0.162139162,-2.178581715
71.21373749,0.090430029,101728.7422,285.6763611,1.432212591,-0.751469672
90.86026764,0.105882451,102196.7422,277.0119019,0.726966143,1.995714903
88.68373871,0.093772732,102443.7656,265.9798889,2.875213385,5.192056179
89.64296722,0.053760659,102582.4375,264.460144,2.509388447,3.240782499
86.8269043,0.111655809,102219.5156,268.6242676,3.427499294,7.109343052
83.52429962,0.05842071,101794.9297,276.2976379,0.746518195,0.138198748
81.02406311,0.086068764,101539.5938,283.984436,1.361134291,0.925701499
71.87448883,0.075736307,101402.8438,286.4562988,0.586197019,1.104430556
58.61411285,0.023958143,100831.0547,293.3564453,0.281038433,-2.03433156
42.4260025,0.01329581,100627.8438,298.1178284,-0.107652657,-1.92932272
48.07213211,0.006246348,100858.1953,295.9900208,-0.780934155,-2.345620155
45.49118805,0.013548331,101261.2891,292.6768494,0.547709942,-2.320240021
66.77957153,0.059951596,101812.6563,283.4987488,-0.002927286,-0.550737083
79.68738556,0.047943451,102266.2891,277.7059021,1.928974986,3.889968157
86.39523315,0.140763879,102194.7813,273.7814331,4.47892189,11.45671558
90.25292969,0.128173232,102381.1484,270.5623169,3.306655884,7.072649002
89.06996155,0.070097029,101984.2109,267.4680176,1.737452388,1.214374065
83.89420319,0.060448062,101686.1094,273.1125793,2.320635319,2.185933828
68.7387085,0.064710572,101363.875,280.5572205,2.749474525,5.064901352
32.73583603,0.021804871,100925.1563,292.0429382,1.1038028,0.213423982
34.1181221,0.004228835,100805.9688,296.5019531,-0.007706835,-1.958668709
38.46813202,0.005580632,100512.2891,297.9391479,-0.343271852,-3.351418972
50.34865189,0.011134497,100539.9063,295.9356384,-1.129724264,-2.593237638
39.12496567,0.00064687,101033.2344,293.7131958,0.832612157,-2.271055937
56.96392822,0.016885761,101628.4531,286.7852173,0.759652495,0.161895931
71.85633087,0.045815382,102245.1406,275.9827271,2.475191832,6.526051998
81.44907379,0.080693655,102916.1328,266.8868103,1.053697348,1.839468837
86.86122894,0.110785276,102146.5938,271.4263611,3.443742514,8.348806381
80.62361908,0.062229868,102183.9766,270.7163086,1.900008678,3.582261086
86.97293854,0.05558496,101752.1797,274.4168091,1.347777963,-3.170291901
73.30577087,0.069046624,101381.6094,280.5700684,1.085196972,0.872015536
51.052845,0.049222931,101021.2188,288.4724731,1.629088521,0.127068236
28.25714684,0.000325011,100505.1719,297.3803406,0.856069446,-3.564677715
33.98968124,0.004475402,100343.9219,299.4872437,-0.515616,-3.415623188
53.59999466,0.012052601,100648.6953,295.3115234,-0.397356391,-2.96512413
44.60127258,0.003664386,101239.7656,292.2463379,0.03502696,-0.282087117
53.14663696,0.038900282,101777.8047,286.2083435,1.343102336,0.27493611
77.04738617,0.06882105,102117.2266,279.0903625,1.359394312,1.24301064
88.1939621,0.118861571,102449.6563,271.3742065,2.148442984,6.076507092
83.39588165,0.055275261,102812.4375,263.2790527,2.158037186,6.674932957
80.62792969,0.044482525,102223.1719,268.6817322,1.463978767,1.370003939
83.15309143,0.052712832,101650.2813,272.7849121,1.934634447,1.740172744
78.27841187,0.081546187,101554.6797,280.2575989,1.67445755,2.29173851
56.91509247,0.03539639,101037.2031,288.0153809,1.815854073,-0.602933764
43.39652634,0.010423724,100657.2734,296.3494873,0.77218312,-2.645839453
36.24879837,0.007932251,100291.0547,299.4584045,0.160715029,-4.036226749
47.62027359,0.011356334,100633.8125,296.8281555,-0.215263233,-2.387643814
42.66104889,0.014051413,100994.4141,294.0434265,0.221250802,-2.855423927
50.37254333,0.02917124,101723.5313,286.7055054,1.467927217,-0.011975802
64.94035339,0.051305771,102127.4922,277.4182434,2.106639147,5.187831879
82.56719971,0.072353162,102606.7188,271.3256836,2.213959694,6.393235207
82.30418396,0.074737549,102570.3672,270.9108582,1.456033945,8.855164528
75.08126831,0.066487782,102290.5625,268.0916138,1.443009019,3.730377436
78.01412201,0.035584491,102227.4609,272.1990967,1.253130794,3.738621712
63.61159515,0.063074946,101345.2344,280.9505005,2.43686676,2.067370653
60.23653793,0.065120541,101100.2891,287.2002258,2.00878644,2.128739119
39.58573532,0.003070673,100789.4141,295.7193298,-0.181752816,-3.438188314
36.338974,0.002951505,100389.4141,298.9417419,-0.348739088,-2.723875999
40.26705933,0.018304385,100338.2109,297.6905212,-0.186335832,-5.013944626
41.44644928,0.020593893,101173.6953,294.2467651,0.742245913,-1.721143842
47.92538834,0.034626245,101532.3984,287.3415222,2.474855185,2.978483915
67.35523987,0.040029723,102289.4297,279.2882996,1.359547257,1.863769889
80.82501221,0.127727807,102183.7344,273.0529785,3.787099838,6.742240906
